-- phpMyAdmin SQL Dump
-- version 4.6.5.2
-- https://www.phpmyadmin.net/
--
-- Host: 127.0.0.1
-- Generation Time: May 23, 2017 at 05:45 PM
-- Server version: 10.1.21-MariaDB
-- PHP Version: 7.1.1

SET SQL_MODE = "NO_AUTO_VALUE_ON_ZERO";
SET time_zone = "+00:00";


/*!40101 SET @OLD_CHARACTER_SET_CLIENT=@@CHARACTER_SET_CLIENT */;
/*!40101 SET @OLD_CHARACTER_SET_RESULTS=@@CHARACTER_SET_RESULTS */;
/*!40101 SET @OLD_COLLATION_CONNECTION=@@COLLATION_CONNECTION */;
/*!40101 SET NAMES utf8mb4 */;

--
-- Database: `newsdb`
--

-- --------------------------------------------------------

--
-- Table structure for table `tblauthor`
--

CREATE TABLE `tblauthor` (
  `AuthorID` int(11) NOT NULL,
  `AuthorName` text NOT NULL,
  `AuthorSocialAddress` int(11) NOT NULL,
  `AuthorEmail` text NOT NULL
) ENGINE=InnoDB DEFAULT CHARSET=latin1;

--
-- Dumping data for table `tblauthor`
--

INSERT INTO `tblauthor` (`AuthorID`, `AuthorName`, `AuthorSocialAddress`, `AuthorEmail`) VALUES
(1, 'Author1', 0, 'Author1@technews.com'),
(2, 'Author2', 0, 'Author2@technews.com'),
(3, 'Author3', 0, 'Author3@technews.com'),
(4, 'Author4', 0, 'Author4@technews.com');

-- --------------------------------------------------------

--
-- Table structure for table `tblcomments`
--

CREATE TABLE `tblcomments` (
  `CommentID` int(11) NOT NULL,
  `NewsID` int(11) NOT NULL,
  `CommentAuthor` text NOT NULL,
  `CommentDate` timestamp NOT NULL DEFAULT CURRENT_TIMESTAMP,
  `CommentContent` text NOT NULL,
  `CommentUp` int(11) NOT NULL DEFAULT '0',
  `CommentDown` int(11) NOT NULL DEFAULT '0'
) ENGINE=InnoDB DEFAULT CHARSET=latin1;

--
-- Dumping data for table `tblcomments`
--

INSERT INTO `tblcomments` (`CommentID`, `NewsID`, `CommentAuthor`, `CommentDate`, `CommentContent`, `CommentUp`, `CommentDown`) VALUES
(1, 1, 'OneLegend', '2017-05-22 14:17:31', 'As someone who uses the fingerprint reader on my phone a lot, I’m hoping that there’s some iteration on this device that puts it in the center like every other modern Android phone. That’s the single biggest roadblock for me at the moment. I went with the LG G6 over the S8 for this exact reason.', 5, 3),
(2, 1, 'Staszek', '2017-05-22 14:18:29', 'I noticed the grippiness of the phone too. Although my hands are quite large, I was afraid to pick iP7+ because of its slippery back, and went for the smaller one instead. If I were to buy Galaxy right now, I think I would choose the Plus.', 8, 3),
(3, 1, 'TrexinD', '2017-05-22 14:53:27', 'Vlad, I just can’t tell how you feel about this phone….\r\n\r\nI’m just kidding, I’m glad there’s a phone that’s shaking things up and causing this many opinions. The smartphone market has been pretty stagnant and this level of excitement/coverage hasn’t happened (with the exception of the iPhone 7 headphone jack story) in a while. First Samsung phone I’ve actually thought about buying.', 1, 0),
(4, 2, 'CuriousPhotographer', '2017-05-22 14:55:51', 'It\'S awesome !', 5, 1),
(5, 2, 'Fill Comment', '2017-05-22 15:00:46', 'An allegation of trade secret theft, made by Google\'s autonomous car unit against Uber, has been referred to the US Attorney\'s office.', 0, 0),
(6, 3, 'Anonymous', '2017-05-22 15:02:05', 'The suit accuses former Google engineer Anthony Levandowski of stealing technology when he left the company to create a start-up called Otto, which was also building self-driving cars.', 2, 1);

-- --------------------------------------------------------

--
-- Table structure for table `tblnews`
--

CREATE TABLE `tblnews` (
  `NewsID` int(11) NOT NULL,
  `NewsTitle` text NOT NULL,
  `NewsAuthor` int(11) NOT NULL,
  `NewsDate` timestamp NOT NULL DEFAULT CURRENT_TIMESTAMP,
  `NewsContent` text NOT NULL,
  `NewsClass` int(11) NOT NULL,
  `NewsImage` text NOT NULL,
  `NewsActive` tinyint(1) NOT NULL DEFAULT '1'
) ENGINE=InnoDB DEFAULT CHARSET=latin1;

--
-- Dumping data for table `tblnews`
--

INSERT INTO `tblnews` (`NewsID`, `NewsTitle`, `NewsAuthor`, `NewsDate`, `NewsContent`, `NewsClass`, `NewsImage`, `NewsActive`) VALUES
(1, 'The Galaxy S8 Plus is an ergonomic marvel', 1, '2017-05-12 20:28:03', ' <div class=\"l-col__main\">\r\n    <figure class=\"e-image e-image--hero\">\r\n  <span class=\"e-image__inner\">\r\n    <span class=\"e-image__image \" data-original=\"https://cdn0.vox-cdn.com/uploads/chorus_image/image/54336475/vsavov_170419_1624_0001_2.0.jpg\">   \r\n        <picture class=\"c-picture\" data-cid=\"site/picture_element-1492622054_9470_6089\" data-cdata=\"{&quot;picture&quot;:true,&quot;dynamic_picture&quot;:false,&quot;convert_picture&quot;:false}\">\r\n    <source srcset=\"https://cdn0.vox-cdn.com/thumbor/UobCcFC1yd64uIDnEOCeKuhLWMs=/0x0:2040x1360/320x213/filters:focal(708x496:1034x822):format(webp)/cdn0.vox-cdn.com/uploads/chorus_image/image/54336475/vsavov_170419_1624_0001_2.0.jpg 320w, https://cdn0.vox-cdn.com/thumbor/HutdzD4WBAtbbuq1jsIK07QsKLY=/0x0:2040x1360/420x280/filters:focal(708x496:1034x822):format(webp)/cdn0.vox-cdn.com/uploads/chorus_image/image/54336475/vsavov_170419_1624_0001_2.0.jpg 420w, https://cdn0.vox-cdn.com/thumbor/Qsx54VlbTyo6vxnKJHN36KNelBA=/0x0:2040x1360/520x347/filters:focal(708x496:1034x822):format(webp)/cdn0.vox-cdn.com/uploads/chorus_image/image/54336475/vsavov_170419_1624_0001_2.0.jpg 520w, https://cdn0.vox-cdn.com/thumbor/0YPH_kpqxHs2WNS5MxqYsakmXiI=/0x0:2040x1360/620x413/filters:focal(708x496:1034x822):format(webp)/cdn0.vox-cdn.com/uploads/chorus_image/image/54336475/vsavov_170419_1624_0001_2.0.jpg 620w, https://cdn0.vox-cdn.com/thumbor/x6tY3KJX_IO9nipcpq6kLHQiW24=/0x0:2040x1360/720x480/filters:focal(708x496:1034x822):format(webp)/cdn0.vox-cdn.com/uploads/chorus_image/image/54336475/vsavov_170419_1624_0001_2.0.jpg 720w, https://cdn0.vox-cdn.com/thumbor/PrUSGU0l0Yx2Vzm9KbT6ymAK5dM=/0x0:2040x1360/820x547/filters:focal(708x496:1034x822):format(webp)/cdn0.vox-cdn.com/uploads/chorus_image/image/54336475/vsavov_170419_1624_0001_2.0.jpg 820w, https://cdn0.vox-cdn.com/thumbor/3aUucRVYCJtTgaM_Dfx64RYRqZ4=/0x0:2040x1360/920x613/filters:focal(708x496:1034x822):format(webp)/cdn0.vox-cdn.com/uploads/chorus_image/image/54336475/vsavov_170419_1624_0001_2.0.jpg 920w, https://cdn0.vox-cdn.com/thumbor/jFQqgzuv9ywC27fEtMYd4nywWkA=/0x0:2040x1360/1020x680/filters:focal(708x496:1034x822):format(webp)/cdn0.vox-cdn.com/uploads/chorus_image/image/54336475/vsavov_170419_1624_0001_2.0.jpg 1020w, https://cdn0.vox-cdn.com/thumbor/MbA7vkRyrtpfyzUM-5WZHQJ63U4=/0x0:2040x1360/1120x747/filters:focal(708x496:1034x822):format(webp)/cdn0.vox-cdn.com/uploads/chorus_image/image/54336475/vsavov_170419_1624_0001_2.0.jpg 1120w, https://cdn0.vox-cdn.com/thumbor/4M27j0owY6QhLQBJsJdePjNZeMA=/0x0:2040x1360/1220x813/filters:focal(708x496:1034x822):format(webp)/cdn0.vox-cdn.com/uploads/chorus_image/image/54336475/vsavov_170419_1624_0001_2.0.jpg 1220w, https://cdn0.vox-cdn.com/thumbor/4bCEhokk-pDHcFHpzelJ4EnMdbU=/0x0:2040x1360/1320x880/filters:focal(708x496:1034x822):format(webp)/cdn0.vox-cdn.com/uploads/chorus_image/image/54336475/vsavov_170419_1624_0001_2.0.jpg 1320w, https://cdn0.vox-cdn.com/thumbor/IH6WQf1qSLA_tQRAQK8oZ-LXplQ=/0x0:2040x1360/1420x947/filters:focal(708x496:1034x822):format(webp)/cdn0.vox-cdn.com/uploads/chorus_image/image/54336475/vsavov_170419_1624_0001_2.0.jpg 1420w, https://cdn0.vox-cdn.com/thumbor/YZLSZYo2k256Jh8_wsd7CWqekAI=/0x0:2040x1360/1520x1013/filters:focal(708x496:1034x822):format(webp)/cdn0.vox-cdn.com/uploads/chorus_image/image/54336475/vsavov_170419_1624_0001_2.0.jpg 1520w, https://cdn0.vox-cdn.com/thumbor/8aMiaQqQ9kfDbo6GwXJOkdjYGL8=/0x0:2040x1360/1620x1080/filters:focal(708x496:1034x822):format(webp)/cdn0.vox-cdn.com/uploads/chorus_image/image/54336475/vsavov_170419_1624_0001_2.0.jpg 1620w, https://cdn0.vox-cdn.com/thumbor/NbCThTBcI0buABrN5ODIO_VoBR8=/0x0:2040x1360/1720x1147/filters:focal(708x496:1034x822):format(webp)/cdn0.vox-cdn.com/uploads/chorus_image/image/54336475/vsavov_170419_1624_0001_2.0.jpg 1720w, https://cdn0.vox-cdn.com/thumbor/nedwN6G8z_QRTaN69__k_1K988Q=/0x0:2040x1360/1820x1213/filters:focal(708x496:1034x822):format(webp)/cdn0.vox-cdn.com/uploads/chorus_image/image/54336475/vsavov_170419_1624_0001_2.0.jpg 1820w, https://cdn0.vox-cdn.com/thumbor/gCM2y0BDFOjndPmunRhD-j101ds=/0x0:2040x1360/1920x1280/filters:focal(708x496:1034x822):format(webp)/cdn0.vox-cdn.com/uploads/chorus_image/image/54336475/vsavov_170419_1624_0001_2.0.jpg 1920w, https://cdn0.vox-cdn.com/thumbor/Zi2zaFUBTmrEI7276RRrc69iaY4=/0x0:2040x1360/2020x1347/filters:focal(708x496:1034x822):format(webp)/cdn0.vox-cdn.com/uploads/chorus_image/image/54336475/vsavov_170419_1624_0001_2.0.jpg 2020w, https://cdn0.vox-cdn.com/thumbor/0kPu06DvEe7nQXeRQCyY0NIIcns=/0x0:2040x1360/2120x1413/filters:focal(708x496:1034x822):format(webp)/cdn0.vox-cdn.com/uploads/chorus_image/image/54336475/vsavov_170419_1624_0001_2.0.jpg 2120w, https://cdn0.vox-cdn.com/thumbor/9qlyUozqCn_1H7ZNXgakmDfS_I8=/0x0:2040x1360/2220x1480/filters:focal(708x496:1034x822):format(webp)/cdn0.vox-cdn.com/uploads/chorus_image/image/54336475/vsavov_170419_1624_0001_2.0.jpg 2220w, https://cdn0.vox-cdn.com/thumbor/2Z1AqSmzs7gFjArJO75qm2Lo3CQ=/0x0:2040x1360/2320x1547/filters:focal(708x496:1034x822):format(webp)/cdn0.vox-cdn.com/uploads/chorus_image/image/54336475/vsavov_170419_1624_0001_2.0.jpg 2320w, https://cdn0.vox-cdn.com/thumbor/zkDV2mJ9tuZcuZt5YP1ve89oJMk=/0x0:2040x1360/2420x1613/filters:focal(708x496:1034x822):format(webp)/cdn0.vox-cdn.com/uploads/chorus_image/image/54336475/vsavov_170419_1624_0001_2.0.jpg 2420w, https://cdn0.vox-cdn.com/thumbor/IDgp8cSUTx0-tH0diJF3Sf05FO8=/0x0:2040x1360/2520x1680/filters:focal(708x496:1034x822):format(webp)/cdn0.vox-cdn.com/uploads/chorus_image/image/54336475/vsavov_170419_1624_0001_2.0.jpg 2520w, https://cdn0.vox-cdn.com/thumbor/nQ0s-2i4HxWVBt8NuK7VHORxZGY=/0x0:2040x1360/2620x1747/filters:focal(708x496:1034x822):format(webp)/cdn0.vox-cdn.com/uploads/chorus_image/image/54336475/vsavov_170419_1624_0001_2.0.jpg 2620w\" sizes=\"(min-width: 1221px) 846px, (min-width: 880px) calc(100vw - 334px), 100vw\" type=\"image/webp\">\r\n  <img srcset=\"https://cdn0.vox-cdn.com/thumbor/KGqzvi-49OBuECFiLvNyTfkNeWE=/0x0:2040x1360/320x213/filters:focal(708x496:1034x822)/cdn0.vox-cdn.com/uploads/chorus_image/image/54336475/vsavov_170419_1624_0001_2.0.jpg 320w, https://cdn0.vox-cdn.com/thumbor/uCi3l-BJoZhhlk8RcWwlz2tVHe0=/0x0:2040x1360/420x280/filters:focal(708x496:1034x822)/cdn0.vox-cdn.com/uploads/chorus_image/image/54336475/vsavov_170419_1624_0001_2.0.jpg 420w, https://cdn0.vox-cdn.com/thumbor/l1Gx3qZEfL8nrL8vv_Lqi_Iiq0I=/0x0:2040x1360/520x347/filters:focal(708x496:1034x822)/cdn0.vox-cdn.com/uploads/chorus_image/image/54336475/vsavov_170419_1624_0001_2.0.jpg 520w, https://cdn0.vox-cdn.com/thumbor/G7n0NHO6iiKtHBYQE097Mk35QlM=/0x0:2040x1360/620x413/filters:focal(708x496:1034x822)/cdn0.vox-cdn.com/uploads/chorus_image/image/54336475/vsavov_170419_1624_0001_2.0.jpg 620w, https://cdn0.vox-cdn.com/thumbor/VM1iMxzr5yOK-qlOaPBdXrHG6s0=/0x0:2040x1360/720x480/filters:focal(708x496:1034x822)/cdn0.vox-cdn.com/uploads/chorus_image/image/54336475/vsavov_170419_1624_0001_2.0.jpg 720w, https://cdn0.vox-cdn.com/thumbor/wp8GLUzyrq_k3yhhqTa9V8ogD_Q=/0x0:2040x1360/820x547/filters:focal(708x496:1034x822)/cdn0.vox-cdn.com/uploads/chorus_image/image/54336475/vsavov_170419_1624_0001_2.0.jpg 820w, https://cdn0.vox-cdn.com/thumbor/3bYPCo9LS4pBNuexMZv_ftDg8K0=/0x0:2040x1360/920x613/filters:focal(708x496:1034x822)/cdn0.vox-cdn.com/uploads/chorus_image/image/54336475/vsavov_170419_1624_0001_2.0.jpg 920w, https://cdn0.vox-cdn.com/thumbor/5mxJPoln2jyURUQaNNW3phYlojU=/0x0:2040x1360/1020x680/filters:focal(708x496:1034x822)/cdn0.vox-cdn.com/uploads/chorus_image/image/54336475/vsavov_170419_1624_0001_2.0.jpg 1020w, https://cdn0.vox-cdn.com/thumbor/qE-I7CYSikE6cE9MMVibdEkJlo0=/0x0:2040x1360/1120x747/filters:focal(708x496:1034x822)/cdn0.vox-cdn.com/uploads/chorus_image/image/54336475/vsavov_170419_1624_0001_2.0.jpg 1120w, https://cdn0.vox-cdn.com/thumbor/LgZ-90UOExgJNlksEgYe3RLOO-4=/0x0:2040x1360/1220x813/filters:focal(708x496:1034x822)/cdn0.vox-cdn.com/uploads/chorus_image/image/54336475/vsavov_170419_1624_0001_2.0.jpg 1220w, https://cdn0.vox-cdn.com/thumbor/6K8c7w303RVCuCozRzrVPpcqMk0=/0x0:2040x1360/1320x880/filters:focal(708x496:1034x822)/cdn0.vox-cdn.com/uploads/chorus_image/image/54336475/vsavov_170419_1624_0001_2.0.jpg 1320w, https://cdn0.vox-cdn.com/thumbor/Qi3i9p1WKXYxQsTm7fS5fvkMUIU=/0x0:2040x1360/1420x947/filters:focal(708x496:1034x822)/cdn0.vox-cdn.com/uploads/chorus_image/image/54336475/vsavov_170419_1624_0001_2.0.jpg 1420w, https://cdn0.vox-cdn.com/thumbor/S3na3sAb5ZUPwpjhZKRSj78gLTQ=/0x0:2040x1360/1520x1013/filters:focal(708x496:1034x822)/cdn0.vox-cdn.com/uploads/chorus_image/image/54336475/vsavov_170419_1624_0001_2.0.jpg 1520w, https://cdn0.vox-cdn.com/thumbor/E1HCs7c4-ynCGxyD1lVozcOEIx4=/0x0:2040x1360/1620x1080/filters:focal(708x496:1034x822)/cdn0.vox-cdn.com/uploads/chorus_image/image/54336475/vsavov_170419_1624_0001_2.0.jpg 1620w, https://cdn0.vox-cdn.com/thumbor/zBhCmvya4wgxjS29Wgkqg8QlUwI=/0x0:2040x1360/1720x1147/filters:focal(708x496:1034x822)/cdn0.vox-cdn.com/uploads/chorus_image/image/54336475/vsavov_170419_1624_0001_2.0.jpg 1720w, https://cdn0.vox-cdn.com/thumbor/s4RezHplwgvuMyHtl8xvc8rxaPE=/0x0:2040x1360/1820x1213/filters:focal(708x496:1034x822)/cdn0.vox-cdn.com/uploads/chorus_image/image/54336475/vsavov_170419_1624_0001_2.0.jpg 1820w, https://cdn0.vox-cdn.com/thumbor/QCGnxlHDKBHgV5roGOW-f8S__-w=/0x0:2040x1360/1920x1280/filters:focal(708x496:1034x822)/cdn0.vox-cdn.com/uploads/chorus_image/image/54336475/vsavov_170419_1624_0001_2.0.jpg 1920w, https://cdn0.vox-cdn.com/thumbor/ktw6znXpsov0yEZQD8Jid2iCTZw=/0x0:2040x1360/2020x1347/filters:focal(708x496:1034x822)/cdn0.vox-cdn.com/uploads/chorus_image/image/54336475/vsavov_170419_1624_0001_2.0.jpg 2020w, https://cdn0.vox-cdn.com/thumbor/MSJRmWFbA8LavpXB5BI5Qd73ArA=/0x0:2040x1360/2120x1413/filters:focal(708x496:1034x822)/cdn0.vox-cdn.com/uploads/chorus_image/image/54336475/vsavov_170419_1624_0001_2.0.jpg 2120w, https://cdn0.vox-cdn.com/thumbor/N7mEH9V1fIq4WGxUPs6r5jDIOWw=/0x0:2040x1360/2220x1480/filters:focal(708x496:1034x822)/cdn0.vox-cdn.com/uploads/chorus_image/image/54336475/vsavov_170419_1624_0001_2.0.jpg 2220w, https://cdn0.vox-cdn.com/thumbor/muosHsXTR1P-aYb05IU0FIusT_A=/0x0:2040x1360/2320x1547/filters:focal(708x496:1034x822)/cdn0.vox-cdn.com/uploads/chorus_image/image/54336475/vsavov_170419_1624_0001_2.0.jpg 2320w, https://cdn0.vox-cdn.com/thumbor/Bq-J9CWysClIQMyFaUr0A2bk-eY=/0x0:2040x1360/2420x1613/filters:focal(708x496:1034x822)/cdn0.vox-cdn.com/uploads/chorus_image/image/54336475/vsavov_170419_1624_0001_2.0.jpg 2420w, https://cdn0.vox-cdn.com/thumbor/0pmC2pa5BMMlz54ba-C3kE2lLew=/0x0:2040x1360/2520x1680/filters:focal(708x496:1034x822)/cdn0.vox-cdn.com/uploads/chorus_image/image/54336475/vsavov_170419_1624_0001_2.0.jpg 2520w, https://cdn0.vox-cdn.com/thumbor/F2lC8arDgZpHtLBy8it1weein8k=/0x0:2040x1360/2620x1747/filters:focal(708x496:1034x822)/cdn0.vox-cdn.com/uploads/chorus_image/image/54336475/vsavov_170419_1624_0001_2.0.jpg 2620w\" sizes=\"(min-width: 1221px) 846px, (min-width: 880px) calc(100vw - 334px), 100vw\" src=\"https://cdn0.vox-cdn.com/thumbor/ThvqlaSR793DQuvYdOYEvTKZKEw=/0x0:2040x1360/1200x800/filters:focal(708x496:1034x822)/cdn0.vox-cdn.com/uploads/chorus_image/image/54336475/vsavov_170419_1624_0001_2.0.jpg\">\r\n</picture>    \r\n    </span>   \r\n  </span>\r\n   <span class=\"e-image__meta\">   \r\n        <figcaption>Samsung Galaxy S8</figcaption>   \r\n        <cite>Photo by Vlad Savov / The Verge</cite>   \r\n    </span> \r\n</figure>\r\n    <div class=\"chorus-ad-placement chorus-ad-placement__leaderboard u-centered\">  \r\n<div id=\"div-gpt-ad-mobile_leaderboard\" class=\"dfp_ad\" data-cb-dfp-id=\"unit=mobile_leaderboard\" data-cb-ad-id=\"Mobile leaderboard\">\r\n  <script type=\"text/javascript\">pbjs.que.push(function() {ChorusAds.showAd(\"mobile_leaderboard\");});</script>\r\n</div></div>\r\n<div class=\"\">\r\n  <p id=\"\">One of the hardest questions to answer, once you’ve decided to buy one of Samsung’s awesome new <a href=\"http://www.theverge.com/2017/4/18/15328968/samsung-galaxy-s8-review-s8-plus\">Galaxy S8</a> phones, is whether to go for the regular 5.8-inch variety or the Plus-sized 6.2-inch model. If I had to make that decision before seeing and using both phones, I’d have said the regular S8 is as much smartphone as anyone needs, offering great one-handed use and a price that’s at least $100 less dear. But I’ve just wrapped up a busy week with the Galaxy S8 Plus, and I’m no longer sure about that. This handset, in spite of its vast screen, is one of the nicest and most comfortable phones I’ve reviewed in recent times.</p>\r\n<p id=\"tGEY7r\">Other than its larger size and battery, the S8 Plus has the same design as the regular Galaxy S8. With the additional branding, that might lead you to think that Samsung designed the smaller phone first and then scaled it up — a la Apple and its iPhone Plus variants — but I get the feeling that the S8 Plus was the original vision that Samsung was aiming for. This company is famous for pushing phones to ever bigger sizes, and I just find the ergonomics of the S8 Plus to be too good to have been <a href=\"https://youtu.be/Fw6odlNp7_8\">a happy accident</a>.</p>\r\n\r\n<p id=\"B8m0bJ\">The 6.2-inch diagonal measurement of the S8 Plus is a little beguiling, as the phone’s elongated shape <a href=\"http://www.theverge.com/tldr/2017/3/30/15120824/screen-aspect-ratio-mathematics-galaxy-s8-lg-g6\">breaks our usual method for comparing screen sizes across brands and models</a>. But, suffice it to say, the display is large by anyone’s standards. And large displays have always required two hands for safety, except now, apparently, they don’t. I’ve used the Galaxy S8 Plus just as I would a Google Pixel, a OnePlus 3T, or a Galaxy S7 Edge: one-handed. Yes, reaching the top of the S8 Plus to pull down the notification shade requires a readjustment of my grip, but the phone’s sides are so nicely contoured that I do that switch unconsciously and with little effort.</p>\r\n<p id=\"wiAG1B\">Samsung has placed the S8 Plus’ power button at the perfect height for my thumb to naturally rest on top of it. The company’s Bixby button, sitting opposite but a little lower, is less convenient for me to reach in spite of the difference being only small. I don’t mind this, since I doubt Bixby will ever prove useful to me within this phone’s lifespan, but that small distinction is notable for how well it illustrates the small margin for error when designing a phone’s ergonomics. On the left, my thumb sits idle between the volume rocker and Bixby, whereas on the right it’s positioned ideally to unlock the phone or launch the camera. Given the distinct averageness of my hands, I’d describe this as a winning design for the majority of potential users. And that’s still very rare for any phone with a large screen.</p>      <div class=\"m-ad m-ad__mobile_article_body\">       \r\n<div id=\"div-gpt-ad-mobile_article_body\" class=\"dfp_ad\" data-cb-dfp-id=\"unit=mobile_article_body\" data-cb-ad-id=\"Mobile article body\">\r\n  <script type=\"text/javascript\">pbjs.que.push(function() {ChorusAds.showAd(\"mobile_article_body\");});</script>\r\n</div>   </div>\r\n<div class=\"c-float-right\"><aside id=\"LKmlyE\"><q>Good design and advanced screen technology lead to a beautiful defiance of usual expectations</q></aside></div>\r\n<p id=\"p9GfwZ\">Those of us who survived using the Galaxy Note 7 before its recall fiasco last year might have seen this coming. The Note 7 introduced the symmetry between front and back — all the edges of the glass on the front curve backward to meet a mirrored curve from the rear glass — that the Galaxy S8 devices now carry as their signature look. It made for <a href=\"http://www.theverge.com/2016/8/17/12516708/samsung-galaxy-note-7-design-curved-display\">an absolutely delightful design with the Note 7</a>, which was a pleasure (and a little bit of a luxury) to just hold and play around with, and it’s at the heart of the S8’s appeal. Provided Samsung has put the Note 7’s battery woes behind it, the S8 and S8 Plus design is undoubtedly the pinnacle of this company’s hardware engineering to date. It completely rectifies the ergonomic headache of 2016’s Galaxy S7 Edge, which also looked gorgeous, but had edges that invited accidental touches from a user’s gripping hand. Both S8s have the proper palm rejection, and though they look slick and shiny, neither is slippery or easy to drop.</p>\r\n  <figure class=\"e-image\">\r\n  <span class=\"e-image__inner\">\r\n    <span class=\"e-image__image \" data-original=\"https://cdn3.vox-cdn.com/uploads/chorus_asset/file/8354603/jbareham_170414_1603_0044.0.jpg\">      \r\n<img class=\"c-dynamic-image lazy-image lazy-loaded\" src=\"https://cdn0.vox-cdn.com/thumbor/lS277un4j5gK6jrrg1DaQkNMai4=/800x0/filters:no_upscale()/cdn0.vox-cdn.com/uploads/chorus_asset/file/8354603/jbareham_170414_1603_0044.0.jpg\" alt=\"Galaxy S8 and Galaxy S8 Plus\" data-chorus-optimize-field=\"main_image\" data-cid=\"site/dynamic_size_image-1492622054_4501_6090\" data-cdata=\"{&quot;asset_id&quot;:8354603,&quot;ratio&quot;:&quot;*&quot;}\">\r\n<noscript>&amp;amp;lt;img src=\"https://cdn3.vox-cdn.com/uploads/chorus_asset/file/8354603/jbareham_170414_1603_0044.0.jpg\" alt=\"Galaxy S8 and Galaxy S8 Plus\"&amp;amp;gt;</noscript>\r\n    \r\n    </span>  \r\n  </span>\r\n   <span class=\"e-image__meta\">   \r\n        <figcaption>Galaxy S8 and Galaxy S8 Plus</figcaption>    \r\n        <cite>Photo by James Bareham / The Verge</cite>     \r\n    </span>\r\n</figure>\r\n<p id=\"7KpUQT\">The one major shortcoming of the Galaxy S8 Plus happens to be shared with its smaller sibling: both have the appallingly misplaced fingerprint sensor on the back, sitting just to the side of the camera. Trying to use that thing as your everyday unlocking mechanism is a nightmarish proposition on both phones, which I’m willing to forgive only because of the excellent iris scanner that Samsung provides as an alternative.</p>\r\n<p id=\"PaeF6B\">I can’t tell you that the Galaxy S8 Plus is ergonomically better than the smaller Galaxy S8. Putting the two side by side, you’ll probably conclude that the smaller phone is easier to handle. But that’s to be expected. My point here is that, for its size, the S8 Plus is more impressive and defies more expectations than its regular counterpart. Google’s Pixel XL, Apple’s iPhone 7 Plus, Huawei’s Mate 9, and even Xiaomi’s Mi Mix — which also has <a href=\"http://www.theverge.com/2016/10/25/13401440/xiaomi-mi-mix-concept-phone-specs-release-date-price\">a bezel-starved display</a> — all feel like oversized bricks compared to the S8 Plus. Hell, even the smaller Google Pixel is made to look like an unrefined slab of <em>whatever</em> compared to Samsung’s distilled, palm-friendly design (though I still favor the Pixel for its superior camera).</p>      <div class=\"m-ad m-ad__native_ad_mobile\">\r\n        \r\n<div id=\"div-gpt-ad-native_ad_mobile\" class=\"dfp_ad\" data-cb-dfp-id=\"unit=native_ad_mobile\" data-cb-ad-id=\"Native ad mobile\">\r\n  <script type=\"text/javascript\">pbjs.que.push(function() {ChorusAds.showAd(\"native_ad_mobile\");});</script>\r\n</div>     </div>\r\n<p id=\"0aY5fG\">The choice between S8 models should come down to how much you value having a larger screen and a longer-lasting battery. If it’s more than the price premium Samsung or your local carrier charges, go ahead and supersize your next phone. The traditional downgrade of ergonomics as you move up in size class just isn’t apparent with the Galaxy S8 Plus.</p>\r\n</div>\r\n<div class=\"u-hidden-text\" id=\"formatter-datter\" data-cid=\"site/entry_formatter-1492622054_9505_6091\" data-cdata=\"{&quot;pinterest_enabled&quot;:false}\">\r\n  \r\n</div>\r\n<div class=\"chorus-ad-placement chorus-ad-placement__medrec u-centered\">  \r\n<div id=\"div-gpt-ad-tablet_medium_rectangle\" class=\"dfp_ad\" data-cb-dfp-id=\"unit=tablet_medium_rectangle\" data-cb-ad-id=\"Tablet medium rectangle\">\r\n  <script type=\"text/javascript\">pbjs.que.push(function() {ChorusAds.showAd(\"tablet_medium_rectangle\");});</script>\r\n</div>\r\n</div>\r\n  </div>', 1, 'Images/strem8.JPG', 1),
(2, 'The Sony A9, pro photography\'s triple threat', 2, '2017-05-12 20:28:03', '<p><img src=\"https://petapixel.com/assets/uploads/2017/05/sonya9.jpg\" alt=\"\" width=\"1600\" height=\"840\" class=\"aligncenter size-full wp-image-270031   \" srcset=\"https://petapixel.com/assets/uploads/2017/05/sonya9.jpg 1600w, https://petapixel.com/assets/uploads/2017/05/sonya9-320x168.jpg 320w, https://petapixel.com/assets/uploads/2017/05/sonya9-800x420.jpg 800w\" sizes=\"(max-width: 1600px) 100vw, 1600px\" title=\"sonya9\" style=\"width: 100%;height: auto;\"></p>\r\n<p>As the saying goes, “There’s no such thing as a free lunch.” And it looks like this applies to camera tech as much as anything else. According to a new report, the <a href=\"https://petapixel.com/2017/04/19/sony-unveils-blazing-fast-a9-24mp-sports-camera-shoots-20fps/\" data-wpel-link=\"internal\">Sony a9</a> had to sacrifice some dynamic range to reach the crazy 20fps speeds everyone is so excited about. </p>\r\n<p>The report <a href=\"https://www.dpreview.com/articles/7266455439/sony-a9-real-world-iso-invariance-and-dynamic-range\" data-wpel-link=\"external\" target=\"_blank\" rel=\"follow external noopener noreferrer\">comes from <i>DPReview</i></a>, who performed their ISO Invariance test during Sony’s multi-day launch event in NYC. </p>\r\n<p><a href=\"https://www.dpreview.com/articles/7266455439/sony-a9-real-world-iso-invariance-and-dynamic-range\" data-wpel-link=\"external\" target=\"_blank\" rel=\"follow external noopener noreferrer\">For this test</a>, reviewer Rishi Sanyal takes several frames with the a9 at the same shutter speed and aperture settings, but with different ISOs. Then he takes the photos into post and equalizes the brightness of the RAW files. In this way, he’s able to determine where the sensor’s noise floor is, revealing the camera’s dynamic range.</p>\r\n<p>The conclusion is a bit disheartening:</p>\r\n<blockquote><p>It’s immediately obvious the a9 is not ISO-invariant. This means the camera is adding a fair amount of read noise that results in noisy shadows, limiting dynamic range at base ISO. </p>\r\n<p>[…]</p>\r\n<p>It’s not the typical performance we’ve come to expect from Sony sensors and we suspect the higher readout speed is leading to greater noise. In other words, it appears this sensor was likely optimized for speed at the expense of low ISO dynamic range.</p></blockquote>\r\n<p>As a result, DPR suggests you do NOT shoot this camera below ISO 640 and then try to recover shadows in post… you’ll be disappointed. To see exactly why, check out the full report and sample images <a href=\"https://www.dpreview.com/articles/7266455439/sony-a9-real-world-iso-invariance-and-dynamic-range\" data-wpel-link=\"external\" target=\"_blank\" rel=\"follow external noopener noreferrer\">over at <i>DPReview</i></a>. </p>\r\n', 4, 'Images/sony-a9-16.jpg', 1),
(3, 'Legend of Zelda: Breath of the Wild goes epic on Nintendo Switch', 3, '2017-05-14 11:35:04', '<p><em>Update 02.05.2017: Nintendo has made its first <a href=\"http://wired.uk/xnYsmp\">Zelda: Breath of the Wild DLC</a> packs available for pre-order on its eShop. The Expansion Pack comes with two DLCs for a total price of £17.99 and adds Hard Mode, Trial of the Sword and eight new pieces of equipment. The first DLC is set to go live this summer. </em></p><p>When the <a href=\"/article/nintendo-switch-launch-interview-zelda-breath-of-the-wild\">Nintendo Switch</a> launches tomorrow, chances are high that nearly every single unit sold will be accompanied by the star of its day one line-up, <em>The Legend of Zelda: Breath of the Wild</em>. </p><aside class=\"ad--article ad--article-rail ad--article-rail-top stick-wrapper stick-wrapper--fixed\" style=\"height: 0px;\"><aside class=\"ad-block is-hidden stick-element stick-element--fixed\" style=\"position: fixed; margin-top: -721px;\"><h5 class=\"ad-block__title\">ADVERTISEMENT</h5><div class=\"ad-container\" data-ad-lazyload=\"True\" data-ad-unit=\"reviews/articles\" data-ad-zone=\"/5574/uk.n5574.wired\" data-ad-sizes=\"[[300, 600], [300, 250]]\" data-ad-bidding=\"True\" data-ad-position=\"article-top\" data-ad-targets=\"[&quot;&quot;]\" data-ad-values=\"{&quot;doctype&quot;: &quot;article&quot;, &quot;uk-wired-tags&quot;: [&quot;Zelda&quot;, &quot;Gaming&quot;, &quot;Nintendo&quot;, &quot;Nintendo Switch&quot;]}\" data-ad-order=\"1\" data-ad-group=\"roadblock\" id=\"ad_8fc59ed0-5b7b-4e79-b059-98acc9e7e4b1\" data-ad-initialised=\"true\"></div>\r\n\r\n    </aside></aside><p>To people about to fork out the cash: rest easy, it\'s the right one. <em>Breath of the Wild</em> is, in a word, spectacular.</p><p>Don\'t go in expecting another adventure through the fantasy world of Hyrule like the many you\'ve had before, though. Instead, you\'ll find a game that is almost shockingly different, experimental, and even ridiculously difficult in places. It is quite unlike any other <em>Zelda</em> - and is brilliant as a result.</p><p><a href=\"/topic/zelda\"><em>Zelda</em></a> has always had a repetition problem. The vast majority of entries in the saga have offered variations on the pattern: enter dungeon, find powerful item, defeat dungeon boss with new item, repeat eight times, go and defeat the supreme evil of Ganon. For all that <em>Ocarina of Time</em>, <em>A Link to the Past</em>, <em>The Wind Waker</em>, or <em>Twilight Princess</em> added nuanced details and individual twists on the formula, the formula itself remained.</p><p>Contrast <em>Breath of the Wild</em>, which opens with hero Link waking from a hundred years of slumber, emerging into a version of Hyrule distinct from all before it - an open world, full of living creatures and hidden populations, traders and threats. It\'s a world where you can hunt for pigs and wolves, go fishing, hoard items to sell, forage for ingredients to cook, or simply explore the vast world to uncover its secrets. The comparison has been made before, so we\'ll make it again - forget <em>Ocarina</em>, this is <em>Zelda</em> by way of <em>Skyrim</em>.</p><aside class=\"ad--article ad--article-inline\"><aside class=\"ad-block is-hidden \"><h5 class=\"ad-block__title\">ADVERTISEMENT</h5><div class=\"ad-container\" data-ad-lazyload=\"True\" data-ad-unit=\"reviews/articles\" data-ad-zone=\"/5574/uk.n5574.wired\" data-ad-sizes=\"[[420, 160]]\" data-ad-bidding=\"False\" data-ad-position=\"list-top\" data-ad-targets=\"[&quot;&quot;]\" data-ad-values=\"{&quot;doctype&quot;: &quot;article&quot;, &quot;uk-wired-tags&quot;: [&quot;Zelda&quot;, &quot;Gaming&quot;, &quot;Nintendo&quot;, &quot;Nintendo Switch&quot;]}\" id=\"ad_e6f4c7e8-207e-447c-b8ff-9432c5d932a7\" data-ad-initialised=\"true\"></div>\r\n\r\n    </aside></aside><p>Much like the <em>The Elder Scrolls</em> series though, Nintendo\'s offering will offer each player something different, too. WIRED\'s James Temperton and I have both been playing the game, and had strikingly divergent experiences.</p><p>While I was fighting my way through the innards of Divine Beast Vah Ruta – a colossal elephant mecha made of ancient stone and crystal technologies, one of four such wonders roaming Hyrule – James was getting on the Hylian property ladder, buying a house in tranquil Hateno Village. Before that, James had been battling a dragon atop Mount Lanayru, a snow-capped peak on Hyrule\'s eastern reaches, while I was gallivanting about activating watchtowers, which fill in the world\'s map.</p><aside class=\"ad--article ad--article-inline\"><aside class=\"ad-block is-hidden \"><h5 class=\"ad-block__title\">ADVERTISEMENT</h5><div class=\"ad-container\" data-ad-lazyload=\"True\" data-ad-unit=\"reviews/articles\" data-ad-zone=\"/5574/uk.n5574.wired\" data-ad-sizes=\"[[100, 100]]\" data-ad-bidding=\"False\" data-ad-position=\"list-top\" data-ad-targets=\"[&quot;&quot;]\" data-ad-values=\"{&quot;doctype&quot;: &quot;article&quot;, &quot;uk-wired-tags&quot;: [&quot;Zelda&quot;, &quot;Gaming&quot;, &quot;Nintendo&quot;, &quot;Nintendo Switch&quot;]}\" id=\"ad_525eba8c-a66e-4e97-87da-0f884795f33a\" data-ad-initialised=\"true\"></div>\r\n\r\n    </aside></aside><p>Our unique trajectories through the game are a result of the glorious openness, leaving players free to choose which, if any, quests to pursue. Yes, <em>Zelda</em> has quests now, tracked and updated as you progress through them, and split into three categories – Main Quest, Side Quests, and Shrine Quests.</p><p>Main Quests move the story along, and there\'s far more of a narrative push to <em>Breath of the Wild</em> than you might find in other open world games; a target, a fixed goal, even though you\'re welcome to ignore it for as long as you like. It\'s one you learn about almost straight away, after you emerge from your sleep – Calamity Ganon, the dark force that has blighted the land. Yes, Ganon is the de facto supervillain of the <em>Zelda</em> series, but he\'s never been so threatening as he is here. He\'s seen in the distance from almost any high point, a towering dragon of roiling dark energy, coiled ominously around Hyrule Castle.</p><p>You can charge straight towards Ganon – you know exactly where he is, out there corrupting the heart of Hyrule, almost taunting you – armed with nothing but your pants and a wooden stick. You\'ll almost certainly fail, but you can do it. Instead, you\'ll likely want to pursue Shrine Quests.</p><figure class=\"global__fake-clear bb-figure bb-figure--landscape\" id=\"w89gr1bB3ra\"><div class=\"bb-figure__wrapper\" style=\"\"><img src=\"https://wi-images.condecdn.net/image/w89gr1bB3ra/crop/405\" data-src=\"https://wi-images.condecdn.net/image/w89gr1bB3ra/crop/405\" class=\"global__image    lazyautosizes img-lazyload--loaded\" data-srcset=\"https://wi-images.condecdn.net/image/w89gr1bB3ra/crop/405 405w, https://wi-images.condecdn.net/image/w89gr1bB3ra/crop/810 810w, https://wi-images.condecdn.net/image/w89gr1bB3ra/crop/1020 1020w, https://wi-images.condecdn.net/image/w89gr1bB3ra/crop/1440 1440w, https://wi-images.condecdn.net/image/w89gr1bB3ra/crop/1620 1620w\" data-sizes=\"auto\" title=\"tiny\" srcset=\"https://wi-images.condecdn.net/image/w89gr1bB3ra/crop/405 405w, https://wi-images.condecdn.net/image/w89gr1bB3ra/crop/810 810w, https://wi-images.condecdn.net/image/w89gr1bB3ra/crop/1020 1020w, https://wi-images.condecdn.net/image/w89gr1bB3ra/crop/1440 1440w, https://wi-images.condecdn.net/image/w89gr1bB3ra/crop/1620 1620w\" style=\"width: 100%;height: auto;\" sizes=\"620px\"></div><div class=\"bb-figure__credit\">Nintendo</div></figure><p>Shrines tie in with Link\'s growth across the game. Around 100 are dotted around the world, some discoverable on foot, some requiring completion of a challenge to access. Each is filled with mind-bending puzzles or challenging combat rituals, rewarding you with Spirit Orbs on successful completion. For every four you conquer, you can bolster Link\'s health or stamina, and the Shrine itself becomes a teleport pad for fast travel.</p><p>You\'ll need to tackle as many as possible, to take on some of <em>Breath of the Wild\'s</em> enemies. The likes of <a href=\"https://zeldawiki.org/Moblin\">Moblins</a> return from previous games but all Ganon\'s monsters are smarter now. They\'ll strafe around you, team up, snipe you with arrow from afar. <a href=\"https://zeldawiki.org/Keese\">Keese</a> will occasionally swarm through the sky like a leather-winged plague, all-but unavoidable, while <a href=\"https://zeldawiki.org/Chuchu\">Chuchus</a> ooze up from the ground without warning. They all hit hard, knocking off chunks of health at a terrifying rate if their attacks hit. The world feels dangerous now – and you won\'t have much of a clue how to handle it.</p><p>This is where <em>Breath of the Wild\'s</em> difficulty comes in. There\'s no real tutorial – well, there is, but it\'s hidden in a shrine you may not uncover – leaving you to guess at Link\'s more advanced attacks. Learning timing is key – double-handed weapons are more powerful but slower, some have greater reach, and you need to remember to catch boomerangs when they return. Pick up the nuances though and Link is lethal in battle, dodging or backflipping away from attacks, then returning with a flurry of counters. Combat is swift and fluid, and once you master it, incredibly enjoyable.</p><p>The other major challenge is impermanence. All things end in this world, including Link\'s weapons. There are seemingly none of the major items of <em>Zelda</em> lore here - goodbye, <a href=\"https://zeldawiki.org/Hookshot\">hookshot</a> - that would serve you infinitely. You\'ll build an arsenal of weapons dropped by fallen enemies\' or found in treasure chests, but every attack weakens them until they break.</p><p>A sword shattering mid-combat is a terrifying moment, leaving you to swap to a possibly inferior one you\'re already carrying or battle on with whatever you can find. Or, at one point, you might be left fighting off a foe with a wooden spoon. It forces you to be more tactical, stealthily approaching <a href=\"https://zeldawiki.org/Bokoblin\">Bokoblin</a> camps to take out foes slowly, rather than wade in, sword swinging.</p><p>Link also feels vulnerable in a way he never really has before. He starts off with nothing but rags, and even as he acquires new weapons and powerful, elementally charged arrows, their scarcity and degradability make you cautious to use them unless you\'re absolutely desperate. It changes how you approach the <a href=\"/topic/gaming\">game</a> as a whole.</p><aside class=\"ad--article ad--article-rail stick-wrapper\" style=\"\"><aside class=\"ad-block is-hidden stick-element\"><h5 class=\"ad-block__title\">ADVERTISEMENT</h5><div class=\"ad-container\" data-ad-lazyload=\"True\" data-ad-unit=\"reviews/articles\" data-ad-zone=\"/5574/uk.n5574.wired\" data-ad-sizes=\"[[300, 250], [300, 251]]\" data-ad-bidding=\"True\" data-ad-position=\"article-bottom\" data-ad-targets=\"[&quot;&quot;]\" data-ad-values=\"{&quot;doctype&quot;: &quot;article&quot;, &quot;uk-wired-tags&quot;: [&quot;Zelda&quot;, &quot;Gaming&quot;, &quot;Nintendo&quot;, &quot;Nintendo Switch&quot;]}\" data-ad-order=\"2\" data-ad-group=\"roadblock\" id=\"ad_a24dbfe2-26f5-458d-a625-bb6bc7a56179\" data-ad-initialised=\"true\"></div>\r\n\r\n    </aside></aside><p>These feel like nitpicking in the face of everything else the game offers though. Director Hidemaro Fujibayashi, producer Eiji Aonuma, and their team at <a href=\"/article/nintendo-switch-games-announced\">Nintendo</a>, have redefined what a <em>Zelda</em> game <em>is</em>, from the ground up. <em>Breath of the Wild</em> is a masterpiece.</p>\r\n                <div class=\"a-body__clear\"></div>', 3, 'Images/zelda-cnet-2.jpg', 1),
(4, 'SoundLink Revolve and Revolve Plus: Bose gives its wireless speaker line a makeover', 2, '2017-05-14 11:35:04', '<div class=\"box contrast less-space verdict\">\r\n<div class=\"sub-box full\">\r\n<h3>Our Verdict</h3>\r\n<p>The Bose SoundLink Revolve is an excellent choice for those looking for a true 360-degree listening experience. Yes, it’s expensive but it sounds great. The biggest issue is that the Revolve lacks dust and waterproofing which means that it’s not the speaker you want to take with you to the beach.</p>\r\n</div>\r\n</div>\r\n<div class=\"box contrast less-space pro-con\">\r\n<div class=\"sub-box\">\r\n<h4 class=\"icon icon-plus_circle\">\r\nFor\r\n</h4>\r\n<ul><li>\r\nTrue 360-degree sound\r\n</li>\r\n<li>\r\nBeautiful design and build\r\n</li>\r\n<li>\r\nDetailed and expansive sound\r\n</li>\r\n</ul></div>\r\n<div class=\"sub-box\">\r\n<h4 class=\"icon icon-minus_circle\">\r\nAgainst\r\n</h4>\r\n<ul><li>\r\nOnly 30ft (10m) range\r\n</li>\r\n<li>\r\nCharging dock not included\r\n</li>\r\n<li>\r\nNot fully water or dust proof\r\n</li>\r\n</ul></div>\r\n</div>\r\n<div class=\"ratingVerdict\" id=\"best-price-article-top\">\r\n</div><div class=\"hawk-widget-insert dynamic parsed\" data-widget-type=\"review\" data-sponsor=\"choose\" data-model-name=\"SoundLink_Revolve\" data-show-link=\"1\" data-name=\"TOP widget\" data-widget-id=\"1990146060\" data-widget-type-used=\"review\"><div data-reactroot=\"\" class=\"hawk-review-container\"></div></div>\r\n<div itemprop=\"reviewBody\" id=\"article-body\" class=\"text-copy bodyCopy auto\">\r\n<div itemprop=\"image\" itemscope=\"\" itemtype=\"https://schema.org/ImageObject\">\r\n<meta itemprop=\"url\" content=\"http://cdn.mos.cms.futurecdn.net/V9vXV9PhUYWAHYEqv5pcZH.jpg\"><meta itemprop=\"height\" content=\"602\"><meta itemprop=\"width\" content=\"370\"></div>\r\n<p>Wireless speakers are super convenient to use around the house but most are directional, sounding their best in one particular spot. Bose and other speaker makers have come up with a solution for this problem: 360-degree sound.&nbsp;</p><p>The Bose SoundLink Revolve continues the company’s history of excellent build quality and sound and crams it all into a cylindrical speaker you can take with you on the go. The speaker bears a striking resemblance to the company’s excellent <a href=\"http://www.techradar.com/reviews/bose-soundlink-mini-ii\" data-track-type=\"click\" data-index=\"1\" data-component=\"Inline links\" data-count=\"6\"><ins>Bose SoundLink Mini II</ins></a> speaker but in a different form factor.&nbsp;</p><p>However, Bose hasn\'t yet made a fully dust and waterproof speaker and that’s still the case with the SoundLink Revolve.&nbsp;</p><p>With an IPX4 rating, the SoundLink Revolve will survive splashes but you won’t want to dunk it in a pool or take it to the beach. That’s a big drawback especially for the $199 (£199, AU$299) price point but, if it’s any consolation, the speaker at least sounds better than the fully waterproof competition.&nbsp;</p><p class=\"bordeaux-image-check\"></p><h3>Design</h3><p>The Revolve takes the design of the SoundLink Mini II and stretches it into a cylindrical shape that slightly resembles the Dalek robots from Dr. Who.&nbsp;</p><p>It features a strong aluminum housing which comes in either silver or black and features a rubberized base and buttons. The speaker feels extremely well made and should put up with being tossed in a bag with some keys and knick knacks.&nbsp;</p><p>On top of the speaker you’ll find buttons for controlling every feature of the speaker, including volume, playback, Bluetooth, aux and power. Bose’s multifunction button controls everything from music playback to activating voice assistants like Siri and Google Assistant. The SoundLink revolve works great as a speakerphone for taking calls, something the <a href=\"http://www.techradar.com/reviews/ue-wonderboom\" data-track-type=\"click\" data-index=\"2\" data-component=\"Inline links\" data-count=\"6\"><ins>UE Wonderboom</ins></a>, another well-regarded speaker that we reviewed earlier this month, lacks.&nbsp;</p><p class=\"bordeaux-image-check\"></p><p>On the bottom of the speaker you’ll find four pins for an optional charging dock and a threaded tripod mount. It’s disappointing that Bose didn’t throw in the $30 charging dock for free like it does with the slightly cheaper SoundLink Mini II, which costs $180 (£170, AU$300). While it might seem odd to have a tripod mount, it offers flexibility for mounting the Revolve in your home.&nbsp;</p><p>Bose also lets you pair two Revolve speakers to use for stereo or amplification, a neat feature that\'s becoming more and more common these days.&nbsp;</p><h3>Performance</h3><div data-name=\"single-height-4-614\" class=\"slotify-slot\" style=\"position: relative; box-sizing: border-box; height: 0px; margin: 0px; text-align: center; display: block;\"></div><p>The biggest reason go to with the SoundLink Revolve over one of its flat-faced friends is if you want omni-directional sound. With it, you can move around and experience the same sound wherever you are. This is great for parties so everyone can have the same listening experience no matter where they’re sitting.&nbsp;</p><p>In terms of volume, the SoundLink Revolve does a great job of pumping music loudly in all directions. That said, if you place it at the center of the room, the speaker lacks some bass response but that can be remedied by placing the speaker near walls to help reflect sound and increase bass response.</p><p class=\"bordeaux-image-check\"><img src=\"http://cdn0.static.techradar.futurecdn.net/media/img/missing-image.svg\" alt=\"\" class=\" lazy-image lazy-image-loading optional-image    lazyautosizes lazyloaded\" onerror=\"this.parentNode.replaceChild(window.missingImage(),this)\" sizes=\"597px\" data-src=\"http://cdn.mos.cms.futurecdn.net/euvKSUnhceedNuYMzav5gG-320-80.jpg\" data-srcset=\"http://cdn.mos.cms.futurecdn.net/euvKSUnhceedNuYMzav5gG-320-80.jpg 320w, http://cdn.mos.cms.futurecdn.net/euvKSUnhceedNuYMzav5gG-650-80.jpg 650w\" data-sizes=\"auto\" data-original-mos=\"http://cdn.mos.cms.futurecdn.net/euvKSUnhceedNuYMzav5gG.jpg\" data-pin-media=\"http://cdn.mos.cms.futurecdn.net/euvKSUnhceedNuYMzav5gG.jpg\" style=\"width: 100%;height: auto;\" title=\"missing-image\" srcset=\"http://cdn.mos.cms.futurecdn.net/euvKSUnhceedNuYMzav5gG-320-80.jpg 320w, http://cdn.mos.cms.futurecdn.net/euvKSUnhceedNuYMzav5gG-650-80.jpg 650w\"></p><div data-name=\"single-height-3-743\" class=\"slotify-slot\" style=\"position: relative; box-sizing: border-box; height: 0px; margin: 0px; text-align: center; display: block;\"></div><p>Overall, the Bose SoundLink Revolve\'s sonic performance is excellent, especially when compared to our other favorite 360-degree speaker, the UE Wonderboom. Where the Wonderboom sounds strained, the Bose plays loudly and effortlessly.</p><div data-name=\"single-height-2-510\" class=\"slotify-slot\" style=\"position: relative; box-sizing: border-box; height: 0px; margin: 0px; text-align: center; display: block;\"></div><p>Bass response also sounds richer and more controlled than the Wonderboom, which features a mid-forward sound. However, you should take into account that the Wonderboom is half the price of Revolve.&nbsp;</p><p>Compared to the aging SoundLink Mini II, the SoundLink Revolve sounds almost as good but can’t match the expansive soundstage and instrumental separation of the Mini II – though, admittedly both speakers sound very good and you’ll be hard pressed to notice the difference unless you listen to them side by side.&nbsp;</p><p class=\"bordeaux-image-check\"><img src=\"http://cdn0.static.techradar.futurecdn.net/media/img/missing-image.svg\" alt=\"\" class=\" lazy-image lazy-image-loading optional-image    lazyautosizes lazyloaded\" onerror=\"this.parentNode.replaceChild(window.missingImage(),this)\" sizes=\"597px\" data-src=\"http://cdn.mos.cms.futurecdn.net/pkd9u8J7JMsftQVG5CTkJH-320-80.jpg\" data-srcset=\"http://cdn.mos.cms.futurecdn.net/pkd9u8J7JMsftQVG5CTkJH-320-80.jpg 320w, http://cdn.mos.cms.futurecdn.net/pkd9u8J7JMsftQVG5CTkJH-650-80.jpg 650w\" data-sizes=\"auto\" data-original-mos=\"http://cdn.mos.cms.futurecdn.net/pkd9u8J7JMsftQVG5CTkJH.jpg\" data-pin-media=\"http://cdn.mos.cms.futurecdn.net/pkd9u8J7JMsftQVG5CTkJH.jpg\" style=\"width: 100%;height: auto;\" title=\"missing-image\" srcset=\"http://cdn.mos.cms.futurecdn.net/pkd9u8J7JMsftQVG5CTkJH-320-80.jpg 320w, http://cdn.mos.cms.futurecdn.net/pkd9u8J7JMsftQVG5CTkJH-650-80.jpg 650w\"></p><div data-name=\"single-height-1-753\" class=\"slotify-slot\" style=\"position: relative; box-sizing: border-box; height: 0px; margin: 0px; text-align: center; display: block;\"></div><p>Compared to the <a href=\"http://www.techradar.com/reviews/bose-soundlink-color-2\" data-track-type=\"click\" data-index=\"3\" data-component=\"Inline links\" data-count=\"6\"><ins>Bose SoundLink Color II</ins></a>, the Revolve features more detail and bass response. The 360-degree sound makes the Revolve more suited to listening outdoors than the directional sound of the SoundLink Color II. Both the Color II and Revolve are IPX4 rated, which means they’ll survive splashes but you won’t want to dunk either speaker in the pool.&nbsp;</p><p>Compared to the competition, the Revolve\'s battery life is average for a speaker of this size, lasting 12 hours at moderate listening volumes. Be careful about charging the speaker the night before a big event as it also takes the speaker a ridiculously long 4 hours to fully charge when empty. It would have been nice to see Bose jump to USB-C for faster charging, but it\'s not a deal breaker.&nbsp;</p><p class=\"bordeaux-image-check\"><img src=\"http://cdn0.static.techradar.futurecdn.net/media/img/missing-image.svg\" alt=\"\" class=\" lazy-image lazy-image-loading optional-image    lazyautosizes lazyloaded\" onerror=\"this.parentNode.replaceChild(window.missingImage(),this)\" sizes=\"597px\" data-src=\"http://cdn.mos.cms.futurecdn.net/v8AJ6nsecQAUgpxjVVnD3H-320-80.jpg\" data-srcset=\"http://cdn.mos.cms.futurecdn.net/v8AJ6nsecQAUgpxjVVnD3H-320-80.jpg 320w, http://cdn.mos.cms.futurecdn.net/v8AJ6nsecQAUgpxjVVnD3H-650-80.jpg 650w\" data-sizes=\"auto\" data-original-mos=\"http://cdn.mos.cms.futurecdn.net/v8AJ6nsecQAUgpxjVVnD3H.jpg\" data-pin-media=\"http://cdn.mos.cms.futurecdn.net/v8AJ6nsecQAUgpxjVVnD3H.jpg\" style=\"width: 100%;height: auto;\" title=\"missing-image\" srcset=\"http://cdn.mos.cms.futurecdn.net/v8AJ6nsecQAUgpxjVVnD3H-320-80.jpg 320w, http://cdn.mos.cms.futurecdn.net/v8AJ6nsecQAUgpxjVVnD3H-650-80.jpg 650w\"></p><h3>Final verdict</h3><div data-name=\"single-height-0-750\" class=\"slotify-slot\" style=\"position: relative; box-sizing: border-box; height: 0px; margin: 0px; text-align: center; display: block;\"></div><p>The Bose SoundLink Revolve is an excellent sound speaker for users looking for true 360-degree sound. It’s great for sharing music during a party or for moving around the room without losing audio fidelity. However, the <a href=\"http://www.techradar.com/reviews/bose-soundlink-mini-ii\" data-track-type=\"click\" data-index=\"4\" data-component=\"Inline links\" data-count=\"6\"><ins>Bose SoundLink Mini II</ins></a> sounds slightly better and is slightly cheaper to boot.&nbsp;</p><p>On the debit side, it’s also not fully dust or waterproof so you’ll want to think twice before bringing the Revolve to the beach.&nbsp;</p><p>For half the price, the <a href=\"http://www.techradar.com/reviews/ue-wonderboom\" data-track-type=\"click\" data-index=\"5\" data-component=\"Inline links\" data-count=\"6\"><ins>Wonderboom</ins></a> is a great speaker that is completely dust and waterproof. While it can’t match the audio fidelity or features of the Bose, it\'s still great for on-the-go listening. If bass is your game, the <a href=\"http://www.techradar.com/reviews/audio-visual/hi-fi-and-audio/hi-fi-and-av-speakers/jbl-charge-3-bluetooth-speaker-1324500/review\" data-track-type=\"click\" data-index=\"6\" data-component=\"Inline links\" data-count=\"6\"><ins>JBL Charge 3</ins></a> is an excellent fully waterproof speaker that sounds great but is big and heavy.&nbsp;</p>\r\n</div>\r\n<div id=\"this-will-be-used-for-mpu-2\"></div>', 5, 'Images/bose-revolve-plus-carried.jpg', 1);
INSERT INTO `tblnews` (`NewsID`, `NewsTitle`, `NewsAuthor`, `NewsDate`, `NewsContent`, `NewsClass`, `NewsImage`, `NewsActive`) VALUES
(5, 'US Attorney to consider corporate spying in Waymo vs Uber', 2, '2017-05-14 21:56:30', '<div class=\"sdc-article-widget sdc-article-image\">\r\n          <figure class=\"sdc-article-image__figure\" itemprop=\"associatedMedia image\" itemscope=\"\" itemtype=\"http://schema.org/ImageObject\">\r\n            <div class=\"sdc-article-image__wrapper\" data-aspect-ratio=\"16/9\">\r\n                <img class=\"sdc-article-image__item   \" itemprop=\"contentUrl\" src=\"http://e3.365dm.com/17/02/1096x616/ce2067cde7068d57724690c4d28a7bc403913a616b8b3540d6166f5223fa1d9e_3896745.jpg?20170224065701\" srcset=\"   http://e3.365dm.com/17/02/320x180/ce2067cde7068d57724690c4d28a7bc403913a616b8b3540d6166f5223fa1d9e_3896745.jpg?20170224065701 320w,    http://e3.365dm.com/17/02/640x380/ce2067cde7068d57724690c4d28a7bc403913a616b8b3540d6166f5223fa1d9e_3896745.jpg?20170224065701 640w,    http://e3.365dm.com/17/02/736x414/ce2067cde7068d57724690c4d28a7bc403913a616b8b3540d6166f5223fa1d9e_3896745.jpg?20170224065701 736w,    http://e3.365dm.com/17/02/1096x616/ce2067cde7068d57724690c4d28a7bc403913a616b8b3540d6166f5223fa1d9e_3896745.jpg?20170224065701 1096w,    http://e3.365dm.com/17/02/1600x900/ce2067cde7068d57724690c4d28a7bc403913a616b8b3540d6166f5223fa1d9e_3896745.jpg?20170224065701 1600w,    http://e3.365dm.com/17/02/1920x1080/ce2067cde7068d57724690c4d28a7bc403913a616b8b3540d6166f5223fa1d9e_3896745.jpg?20170224065701 1920w,    http://e3.365dm.com/17/02/2048x1152/ce2067cde7068d57724690c4d28a7bc403913a616b8b3540d6166f5223fa1d9e_3896745.jpg?20170224065701 2048w\" alt=\"Waymo unveils a self-driving Chrysler Pacifica minivan during the North American International Auto Show in Detroit, Michigan, U.S., January 8, 2017. REUTERS/Brendan McDermid\" title=\"Waymo unveils a self-driving Chrysler Pacifica minivan during the North American International Auto Show in Detroit, Michigan, U.S., January 8, 2017. REUTERS/Brendan McDermid\" style=\"width: 100%;height: auto;\">\r\n            </div>\r\n              <figcaption class=\"sdc-article-image__caption\" itemprop=\"caption description\">\r\n                <span class=\"sdc-article-image__visually-hidden\">Image:</span>\r\n                <span class=\"sdc-article-image__caption-text\">Waymo is part of Alphabet, Google\'s parent company</span>\r\n              </figcaption>\r\n          </figure>\r\n        </div>\r\n\r\n        \r\n        \r\n        \r\n        \r\n\r\n\r\n        <div class=\"sdc-news-story-article\">\r\n        \r\n                    <p class=\"sdc-news-story-article__byline\">By Alexander J Martin, Technology Reporter</p>\r\n        \r\n                <p class=\"sdc-news-story-article__intro\">An allegation of trade secret theft, made by Google\'s autonomous car unit against Uber, has been referred to the US Attorney\'s office.</p>\r\n        \r\n            <div class=\"sdc-news-story-article__body\">\r\n                <div class=\"ad ad--mpu-tablet\"><div class=\"sdc-site-au \" data-ad-format=\"mpu\" data-type=\"\"><div class=\"sdc-site-au__mpu\" data-role=\"ad-container\" data-config=\"{&quot;id&quot;:&quot;mpu-inline&quot;,&quot;tag&quot;:&quot;20346936\\/skynews\\/tech\\/content&quot;,&quot;size&quot;:{&quot;mobile&quot;:[[300,250]],&quot;tablet&quot;:[[300,250]],&quot;desktop&quot;:[[300,250]]},&quot;targeting&quot;:{&quot;platform&quot;:&quot;live&quot;,&quot;artId&quot;:10874102}}\" data-targeting-strnativekey=\"\" data-targeting-platform=\"\" data-tag=\"\" data-component-name=\"sdc-site-mpu\" aria-label=\"Advertisement\" id=\"mpu-inline\" data-tolerance=\"2\"></div></div>\r\n</div><p>Uber is being sued by Waymo, the business unit developing self-driving vehicles at Google\'s parent company Alphabet, over <strong><a href=\"http://news.sky.com/story/uber-sued-by-google-founded-self-driving-unit-over-tech-theft-10779463\" target=\"_blank\">allegations of technology theft</a></strong>.</p><p>The suit accuses former Google engineer Anthony Levandowski of stealing technology when he left the company to create a start-up called Otto, which was also building self-driving cars.</p><p>Uber acquired Otto for $680m (£540m) last year, at which point Mr Levandowski began to oversee Uber\'s work on developing autonomous cars.</p><p>He has now stepped down from that leadership role until the suit is resolved.</p><p>Waymo\'s suit accused Uber of corporate espionage by using trade secrets which were recorded in 14,000 documents which it believes Mr Levandowski stole when he left the company.</p><p>These documents particularly reference a proprietary tool called Lidar which Waymo\'s self-driving cars use to navigate. Uber claimed its own technology was significantly different.</p><p>The case, which was being heard in San Francisco, has now been referred to the US Attorney for investigation, by District Judge William Alsup.</p><div class=\"ad ad--mpu-mobile\"><div class=\"sdc-site-au \" data-ad-format=\"mpu\" data-type=\"\"><div class=\"sdc-site-au__mpu\" data-role=\"ad-container\" data-config=\"{&quot;id&quot;:&quot;mpu-inline-mobile&quot;,&quot;tag&quot;:&quot;20346936\\/skynews\\/tech\\/content&quot;,&quot;size&quot;:{&quot;mobile&quot;:[[300,250]],&quot;tablet&quot;:[[300,250]],&quot;desktop&quot;:[[300,250]]},&quot;targeting&quot;:{&quot;platform&quot;:&quot;live&quot;,&quot;artId&quot;:10874102}}\" data-targeting-strnativekey=\"\" data-targeting-platform=\"\" data-tag=\"\" data-component-name=\"sdc-site-mpu\" aria-label=\"Advertisement\" id=\"mpu-inline-mobile\" data-tolerance=\"2\"></div></div>\r\n</div><p>Judge Alsup wrote: \"The court takes no position on whether a prosecution is or is not warranted, a decision entirely up to the United States Attorney.\"</p><p>Waymo alleges that Uber and Mr Levandowski conspired to create the self-driving car start-up Otto so that Uber could appear to have legitimately acquired the same technology as Waymo was using.</p><p>Uber denies these allegations. Mr Levandowski has refused to hand the laptop on which he is alleged to have downloaded the documents over for examination, and declined to answer questions made by Waymo.</p><p>In putting the case forward to the US Attorney, the judge also denied a request by Uber which would have forced the lawsuit out of court and into arbitration.</p><p>Waymo described Uber\'s attempt to force arbitration as a \"desperate bid\" to avoid dealing with the suit.</p><p>\"We welcome the court\'s decision today, and we look forward to holding Uber responsible in court for its misconduct,\" the Alphabet-owned company announced in a statement.</p><p>Uber stated: \"We remain confident in our case and welcome the chance to talk about our independently developed technology in any forum.\"</p>\r\n            </div>\r\n        \r\n        </div>\r\n\r\n            <div class=\"sdc-article-tags sdc-article-widget\">\r\n              <div class=\"sdc-article-tags__inner\">\r\n                <h3 class=\"sdc-article-tags__title\">Posted in:</h3>\r\n                <ul class=\"sdc-article-tags__list\">\r\n                    <li class=\"sdc-article-tags__item\"><a class=\"sdc-article-tags__link\" href=\"/topic/uber-5903\">Uber</a></li>\r\n                    <li class=\"sdc-article-tags__item\"><a class=\"sdc-article-tags__link\" href=\"/topic/google-5876\">Google</a></li>\r\n                </ul>\r\n              </div>\r\n            </div>\r\n\r\n            <div class=\"sdc-site-outbrain sdc-site-outbrain--AR_3\">\r\n                <div class=\"OUTBRAIN\" data-src=\"http://news.sky.com/story/us-attorney-to-consider-corporate-spying-in-waymo-vs-uber-10874102\" data-widget-id=\"AR_3\" data-ob-template=\"skynews\"></div>\r\n                <script src=\"//widgets.outbrain.com/outbrain.js\" async=\"true\"></script>\r\n            </div>', 4, 'Images/stream1.jpg', 1),
(6, 'Boeing halts test flights of 737 MAX jetliner', 2, '2017-05-14 21:56:30', '   <div class=\"sdc-article-widget sdc-article-image\">\r\n          <figure class=\"sdc-article-image__figure\" itemprop=\"associatedMedia image\" itemscope=\"\" itemtype=\"http://schema.org/ImageObject\">\r\n            <div class=\"sdc-article-image__wrapper\" data-aspect-ratio=\"16/9\">\r\n                <img class=\"sdc-article-image__item   \" itemprop=\"contentUrl\" src=\"http://e3.365dm.com/17/05/1096x616/2832eafc04e1c24709d72181cfcb78b4d7c901b1c2253939e88b475d86a3967f_3950356.jpg?20170511092252\" srcset=\"   http://e3.365dm.com/17/05/320x180/2832eafc04e1c24709d72181cfcb78b4d7c901b1c2253939e88b475d86a3967f_3950356.jpg?20170511092252 320w,    http://e3.365dm.com/17/05/640x380/2832eafc04e1c24709d72181cfcb78b4d7c901b1c2253939e88b475d86a3967f_3950356.jpg?20170511092252 640w,    http://e3.365dm.com/17/05/736x414/2832eafc04e1c24709d72181cfcb78b4d7c901b1c2253939e88b475d86a3967f_3950356.jpg?20170511092252 736w,    http://e3.365dm.com/17/05/1096x616/2832eafc04e1c24709d72181cfcb78b4d7c901b1c2253939e88b475d86a3967f_3950356.jpg?20170511092252 1096w,    http://e3.365dm.com/17/05/1600x900/2832eafc04e1c24709d72181cfcb78b4d7c901b1c2253939e88b475d86a3967f_3950356.jpg?20170511092252 1600w,    http://e3.365dm.com/17/05/1920x1080/2832eafc04e1c24709d72181cfcb78b4d7c901b1c2253939e88b475d86a3967f_3950356.jpg?20170511092252 1920w,    http://e3.365dm.com/17/05/2048x1152/2832eafc04e1c24709d72181cfcb78b4d7c901b1c2253939e88b475d86a3967f_3950356.jpg?20170511092252 2048w\" alt=\"The 737 MAX 9, which can carry up to 220 passengers, is the second of three variants of the popular single-aisle model. Pic: Stephen Brashear/Getty \" title=\"The 737 MAX 9, which can carry up to 220 passengers, is the second of three variants of the popular single-aisle model. Pic: Stephen Brashear/Getty \" style=\"width: 100%;height: auto;\">\r\n            </div>\r\n              <figcaption class=\"sdc-article-image__caption\" itemprop=\"caption description\">\r\n                <span class=\"sdc-article-image__visually-hidden\">Image:</span>\r\n                <span class=\"sdc-article-image__caption-text\">Boeing has halted flights due to an \'abundance  of caution\' regarding the engines</span>\r\n              </figcaption>\r\n          </figure>\r\n        </div>\r\n\r\n        \r\n        \r\n        \r\n        <div class=\"sdc-site-share sdc-site-share--article\">\r\n          \r\n          \r\n        </div>\r\n\r\n\r\n        <div class=\"sdc-news-story-article\">\r\n        \r\n                    <p class=\"sdc-news-story-article__byline\">By Alexander J Martin, Technology Reporter</p>\r\n        \r\n                <p class=\"sdc-news-story-article__intro\">Boeing has suspended test flights of its new 737 MAX jetliners over fears of a potential manufacturing flaw affecting an engine part.</p>\r\n        \r\n            <div class=\"sdc-news-story-article__body\">\r\n                <div class=\"ad ad--mpu-tablet\"><div class=\"sdc-site-au \" data-ad-format=\"mpu\" data-type=\"\"><div class=\"sdc-site-au__mpu\" data-role=\"ad-container\" data-config=\"{&quot;id&quot;:&quot;mpu-inline&quot;,&quot;tag&quot;:&quot;20346936\\/skynews\\/tech\\/content&quot;,&quot;size&quot;:{&quot;mobile&quot;:[[300,250]],&quot;tablet&quot;:[[300,250]],&quot;desktop&quot;:[[300,250]]},&quot;targeting&quot;:{&quot;platform&quot;:&quot;live&quot;,&quot;artId&quot;:10872254}}\" data-targeting-strnativekey=\"\" data-targeting-platform=\"\" data-tag=\"\" data-component-name=\"sdc-site-mpu\" aria-label=\"Advertisement\" id=\"mpu-inline\" data-tolerance=\"2\"></div></div>\r\n</div><p>The 737 MAX line was to make its commercial debut in a matter of days, but a potential issue affecting the turbine engine discs has led the US company to suspend flights.</p><p>The aerospace company said the part is manufactured by a third-party supplier.</p><p>Boeing\'s spokesperson stated that \"out of an abundance of caution, we decided to temporarily suspend MAX flights\".</p><p>\"The step is consistent with our priority focus on safety for all who use and fly our products.\"</p><div class=\"sdc-article-widget sdc-article-image\">\r\n  <figure class=\"sdc-article-image__figure\" itemprop=\"associatedMedia image\" itemscope=\"\" itemtype=\"http://schema.org/ImageObject\">\r\n    <div class=\"sdc-article-image__wrapper\" data-aspect-ratio=\"4/3\">\r\n        <img class=\"sdc-article-image__item   \" itemprop=\"contentUrl\" src=\"http://e3.365dm.com/17/05/750x563/f5b0126e32279203ff775aca95f06e8c6efc6ff4eecb547d95dfbb5b5c194bdd_3950352.jpg?20170511091836\" srcset=\"   http://e3.365dm.com/17/05/206x155/f5b0126e32279203ff775aca95f06e8c6efc6ff4eecb547d95dfbb5b5c194bdd_3950352.jpg?20170511091836 206w,    http://e3.365dm.com/17/05/288x216/f5b0126e32279203ff775aca95f06e8c6efc6ff4eecb547d95dfbb5b5c194bdd_3950352.jpg?20170511091836 288w,    http://e3.365dm.com/17/05/589x442/f5b0126e32279203ff775aca95f06e8c6efc6ff4eecb547d95dfbb5b5c194bdd_3950352.jpg?20170511091836 589w,    http://e3.365dm.com/17/05/750x563/f5b0126e32279203ff775aca95f06e8c6efc6ff4eecb547d95dfbb5b5c194bdd_3950352.jpg?20170511091836 750w\" alt=\"Boeing 737 MAX 9 conducted its maiden flight in April. Pic: Stephen Brashear/Getty\" title=\"Boeing 737 MAX 9 conducted its maiden flight in April. Pic: Stephen Brashear/Getty\" style=\"width: 100%;height: auto;\">\r\n    </div>\r\n      <figcaption class=\"sdc-article-image__caption\" itemprop=\"caption description\">\r\n        <span class=\"sdc-article-image__visually-hidden\">Image:</span>\r\n        <span class=\"sdc-article-image__caption-text\">Boeing 737 MAX 9 conducted its maiden flight in April</span>\r\n      </figcaption>\r\n  </figure>\r\n</div>\r\n<p>CFM International, a joint venture between General Electic and French engineers Safran, alerted Boeing to a \"potential manufacturing quality escape with low pressure turbine disks in (the) LEAP-1B engines\" that it delivered.</p><div class=\"ad ad--mpu-mobile\"><div class=\"sdc-site-au \" data-ad-format=\"mpu\" data-type=\"\"><div class=\"sdc-site-au__mpu\" data-role=\"ad-container\" data-config=\"{&quot;id&quot;:&quot;mpu-inline-mobile&quot;,&quot;tag&quot;:&quot;20346936\\/skynews\\/tech\\/content&quot;,&quot;size&quot;:{&quot;mobile&quot;:[[300,250]],&quot;tablet&quot;:[[300,250]],&quot;desktop&quot;:[[300,250]]},&quot;targeting&quot;:{&quot;platform&quot;:&quot;live&quot;,&quot;artId&quot;:10872254}}\" data-targeting-strnativekey=\"\" data-targeting-platform=\"\" data-tag=\"\" data-component-name=\"sdc-site-mpu\" aria-label=\"Advertisement\" id=\"mpu-inline-mobile\" data-tolerance=\"2\"></div></div>\r\n</div><p>Boeing stated that the LEAP-1B engines were thoroughly inspected throughout more than 2,000 hours of testing, during which time the company did not experience any problems.</p><p>CFM International said it will conduct inspections to establish the number of affected engines.</p><p>Boeing has three models of its 737 MAX line, numbered 7, 8 and 9. The 737 MAX 9 had its maiden flight in April.</p><p>The aerospace giant has received more than 3,700 orders for these jetliners.</p><p>Boeing stated it intends to begin deliveries on schedule this month.</p>\r\n            </div>\r\n        \r\n        </div>\r\n\r\n\r\n            <div class=\"sdc-site-outbrain sdc-site-outbrain--AR_3\">\r\n                <div class=\"OUTBRAIN\" data-src=\"http://news.sky.com/story/boeing-halts-test-flights-of-737-max-jetliner-10872254\" data-widget-id=\"AR_3\" data-ob-template=\"skynews\"></div>\r\n                <script src=\"//widgets.outbrain.com/outbrain.js\" async=\"true\"></script>\r\n            </div>\r\n    \r\n       ', 6, 'Images/stream3.jpg', 1),
(7, 'Personalised drug delivery wearable invented', 3, '2017-05-14 21:59:42', ' <div class=\"sdc-article-widget sdc-article-image\">\r\n          <figure class=\"sdc-article-image__figure\" itemprop=\"associatedMedia image\" itemscope=\"\" itemtype=\"http://schema.org/ImageObject\">\r\n            <div class=\"sdc-article-image__wrapper\" data-aspect-ratio=\"16/9\">\r\n                <img class=\"sdc-article-image__item   \" itemprop=\"contentUrl\" src=\"http://e3.365dm.com/17/05/1096x616/0596f7ebfd80c3077ebeb62214bf3eb924d1bcd4c5cf251777a6e31b06b88cc4_3950551.jpg?20170511123105\" srcset=\"   http://e3.365dm.com/17/05/320x180/0596f7ebfd80c3077ebeb62214bf3eb924d1bcd4c5cf251777a6e31b06b88cc4_3950551.jpg?20170511123105 320w,    http://e3.365dm.com/17/05/640x380/0596f7ebfd80c3077ebeb62214bf3eb924d1bcd4c5cf251777a6e31b06b88cc4_3950551.jpg?20170511123105 640w,    http://e3.365dm.com/17/05/736x414/0596f7ebfd80c3077ebeb62214bf3eb924d1bcd4c5cf251777a6e31b06b88cc4_3950551.jpg?20170511123105 736w,    http://e3.365dm.com/17/05/1096x616/0596f7ebfd80c3077ebeb62214bf3eb924d1bcd4c5cf251777a6e31b06b88cc4_3950551.jpg?20170511123105 1096w,    http://e3.365dm.com/17/05/1600x900/0596f7ebfd80c3077ebeb62214bf3eb924d1bcd4c5cf251777a6e31b06b88cc4_3950551.jpg?20170511123105 1600w,    http://e3.365dm.com/17/05/1920x1080/0596f7ebfd80c3077ebeb62214bf3eb924d1bcd4c5cf251777a6e31b06b88cc4_3950551.jpg?20170511123105 1920w,    http://e3.365dm.com/17/05/2048x1152/0596f7ebfd80c3077ebeb62214bf3eb924d1bcd4c5cf251777a6e31b06b88cc4_3950551.jpg?20170511123105 2048w\" alt=\"A researcher holds a prototype of a biosensor designed to detect active levels of a medicine in the bloodstream, as part of a system to personalise drug dosing. Pic: Soh Lab\" title=\"A researcher holds a prototype of a biosensor designed to detect active levels of a medicine in the bloodstream, as part of a system to personalise drug dosing. Pic: Soh Lab\" style=\"width: 100%;height: auto;\">\r\n            </div>\r\n              <figcaption class=\"sdc-article-image__caption\" itemprop=\"caption description\">\r\n                <span class=\"sdc-article-image__visually-hidden\">Image:</span>\r\n                <span class=\"sdc-article-image__caption-text\">A researcher holds a prototype of a biosensor. Pic: Soh Lab, Stanford University</span>\r\n              </figcaption>\r\n          </figure>\r\n        </div>\r\n\r\n        \r\n        \r\n        \r\n        \r\n\r\n\r\n        <div class=\"sdc-news-story-article\">\r\n        \r\n                    <p class=\"sdc-news-story-article__byline\">By Alexander J Martin, Technology Reporter</p>\r\n        \r\n                <p class=\"sdc-news-story-article__intro\">Scientists have invented a new tool which could be worn or implanted on patients to deliver life-saving medicine in personalised dosages.</p>\r\n        \r\n            <div class=\"sdc-news-story-article__body\">\r\n                <div class=\"ad ad--mpu-tablet\"><div class=\"sdc-site-au \" data-ad-format=\"mpu\" data-type=\"\"><div class=\"sdc-site-au__mpu\" data-role=\"ad-container\" data-config=\"{&quot;id&quot;:&quot;mpu-inline&quot;,&quot;tag&quot;:&quot;20346936\\/skynews\\/tech\\/content&quot;,&quot;size&quot;:{&quot;mobile&quot;:[[300,250]],&quot;tablet&quot;:[[300,250]],&quot;desktop&quot;:[[300,250]]},&quot;targeting&quot;:{&quot;platform&quot;:&quot;live&quot;,&quot;artId&quot;:10872550}}\" data-targeting-strnativekey=\"\" data-targeting-platform=\"\" data-tag=\"\" data-component-name=\"sdc-site-mpu\" aria-label=\"Advertisement\" id=\"mpu-inline\" data-tolerance=\"2\"></div></div>\r\n</div><p>The way each person processes medication is unique, and just as with coffee or alcohol, a perfect dose for one person may be harmful to another.</p><p>This variability makes it very difficult for doctors to prescribe and administer the correct level of life-saving drugs, including insulin and chemotherapy, and maintain the level of the medicine in the patients\' bloodstream.</p><p>Now, engineers at California\'s prestigious Stanford University have developed a drug delivery tool to make it easier for people to get the correct dose of lifesaving drugs.</p><p>When completed, the final version of the tool could be an implant or wearable which automatically monitors and administers patients\' medication.</p><p>In a paper published in <strong><a href=\"https://www.nature.com/articles/s41551-017-0070\" target=\"_blank\">Nature Biomedical Engineering</a></strong>, the team showed how their technology could continuously regulate the level of a chemotherapy drug in living animals.</p><p>While testing the technology the scientists used an external apparatus made up of these separate parts, but this would not be the case for the final tool.</p><p>The scientists hope that they could miniaturise the components and integrate them into a single device which could be implanted or worn by the patient.</p><p>The drug delivery tool itself includes a biosensor which monitors the levels of the drug in the patient\'s bloodstream.</p><p>It also uses a control system which calculates the correct dose depending on the strength of the medicine and the patient\'s requirements.</p><p>Finally, using those measurements, a programmable pump could automatically deliver the perfect amount of medicine to maintain the desired dose.</p><div class=\"ad ad--mpu-mobile\"><div class=\"sdc-site-au \" data-ad-format=\"mpu\" data-type=\"\"><div class=\"sdc-site-au__mpu\" data-role=\"ad-container\" data-config=\"{&quot;id&quot;:&quot;mpu-inline-mobile&quot;,&quot;tag&quot;:&quot;20346936\\/skynews\\/tech\\/content&quot;,&quot;size&quot;:{&quot;mobile&quot;:[[300,250]],&quot;tablet&quot;:[[300,250]],&quot;desktop&quot;:[[300,250]]},&quot;targeting&quot;:{&quot;platform&quot;:&quot;live&quot;,&quot;artId&quot;:10872550}}\" data-targeting-strnativekey=\"\" data-targeting-platform=\"\" data-tag=\"\" data-component-name=\"sdc-site-mpu\" aria-label=\"Advertisement\" id=\"mpu-inline-mobile\" data-tolerance=\"2\"></div></div>\r\n</div><p>\"This is the first time anyone has been able to continuously control the drug levels in the body in real time,\" said H Tom Soh, the research team\'s leader, of the research experiment administering medicine to animals.</p><p>\"This is a novel concept with big implications because we believe we can adapt our technology to control the levels of a wide range of drugs.\"</p><p>In the heavily regulated world of healthcare devices, many years of tests are required to make sure the technology is safe before it can be rolled out.</p><p>The researchers believe it could be big step towards personalised medicine.</p><p>The group tested the technology by administering the chemotherapy drug doxorubicin in animals.</p><p>Despite physiological and metabolic differences among individual animals, they were able to keep a constant dosage among all the animals in the study group, something not possible with current drug delivery methods.</p><p>If the technology works as well in people as in their animal studies, it could have big implications, said Soh.</p><p>\"For example, what if we could detect and control the levels not only of glucose but also of insulin and glucagon that regulate glucose levels?\" he said.</p><p>That could allow researchers to create an electronic system to replicate the function of the dysfunctional pancreas for patients with type 1 diabetes.</p><p>\"Now that is an exciting future,\" Soh added.</p>\r\n            </div>\r\n        \r\n        </div>\r\n\r\n\r\n            <div class=\"sdc-site-outbrain sdc-site-outbrain--AR_3\">\r\n                <div class=\"OUTBRAIN\" data-src=\"http://news.sky.com/story/personalised-drug-delivery-wearable-invented-10872550\" data-widget-id=\"AR_3\" data-ob-template=\"skynews\"></div>\r\n                <script src=\"//widgets.outbrain.com/outbrain.js\" async=\"true\"></script>\r\n            </div>', 3, 'Images/stream4.jpg', 1),
(8, 'Durham Police using artificial intelligence to make custody decisions', 2, '2017-05-14 21:59:42', '<div class=\"sdc-article-widget sdc-article-image\">\r\n          <figure class=\"sdc-article-image__figure\" itemprop=\"associatedMedia image\" itemscope=\"\" itemtype=\"http://schema.org/ImageObject\">\r\n            <div class=\"sdc-article-image__wrapper\" data-aspect-ratio=\"16/9\">\r\n                <img class=\"sdc-article-image__item   \" itemprop=\"contentUrl\" src=\"http://e3.365dm.com/17/05/1096x616/7fcd53362551acba78a2f59066c8186bb9a42b55bb50c34f43185974f9a8f106_3949789.jpg?20170510140342\" srcset=\"   http://e3.365dm.com/17/05/320x180/7fcd53362551acba78a2f59066c8186bb9a42b55bb50c34f43185974f9a8f106_3949789.jpg?20170510140342 320w,    http://e3.365dm.com/17/05/640x380/7fcd53362551acba78a2f59066c8186bb9a42b55bb50c34f43185974f9a8f106_3949789.jpg?20170510140342 640w,    http://e3.365dm.com/17/05/736x414/7fcd53362551acba78a2f59066c8186bb9a42b55bb50c34f43185974f9a8f106_3949789.jpg?20170510140342 736w,    http://e3.365dm.com/17/05/1096x616/7fcd53362551acba78a2f59066c8186bb9a42b55bb50c34f43185974f9a8f106_3949789.jpg?20170510140342 1096w,    http://e3.365dm.com/17/05/1600x900/7fcd53362551acba78a2f59066c8186bb9a42b55bb50c34f43185974f9a8f106_3949789.jpg?20170510140342 1600w,    http://e3.365dm.com/17/05/1920x1080/7fcd53362551acba78a2f59066c8186bb9a42b55bb50c34f43185974f9a8f106_3949789.jpg?20170510140342 1920w,    http://e3.365dm.com/17/05/2048x1152/7fcd53362551acba78a2f59066c8186bb9a42b55bb50c34f43185974f9a8f106_3949789.jpg?20170510140342 2048w\" alt=\" \" title=\" \" style=\"width: 100%;height: auto;\">\r\n            </div>\r\n              <figcaption class=\"sdc-article-image__caption\" itemprop=\"caption description\">\r\n                <span class=\"sdc-article-image__visually-hidden\">Image:</span>\r\n                <span class=\"sdc-article-image__caption-text\">An artificial intelligence system is being trialled by police in Durham</span>\r\n              </figcaption>\r\n          </figure>\r\n        </div>\r\n\r\n        \r\n        \r\n        \r\n        \r\n\r\n\r\n        <div class=\"sdc-news-story-article\">\r\n        \r\n                    <p class=\"sdc-news-story-article__byline\">By Alexander J Martin, Technology Reporter</p>\r\n        \r\n                <p class=\"sdc-news-story-article__intro\">Police in Durham will trial an artificial intelligence system (AI) to judge the risk of suspects re-offending.</p>\r\n        \r\n            <div class=\"sdc-news-story-article__body\">\r\n                <div class=\"ad ad--mpu-tablet\"><div class=\"sdc-site-au \" data-ad-format=\"mpu\" data-type=\"\"><div class=\"sdc-site-au__mpu\" data-role=\"ad-container\" data-config=\"{&quot;id&quot;:&quot;mpu-inline&quot;,&quot;tag&quot;:&quot;20346936\\/skynews\\/tech\\/content&quot;,&quot;size&quot;:{&quot;mobile&quot;:[[300,250]],&quot;tablet&quot;:[[300,250]],&quot;desktop&quot;:[[300,250]]},&quot;targeting&quot;:{&quot;platform&quot;:&quot;live&quot;,&quot;artId&quot;:10871239}}\" data-targeting-strnativekey=\"\" data-targeting-platform=\"\" data-tag=\"\" data-component-name=\"sdc-site-mpu\" aria-label=\"Advertisement\" id=\"mpu-inline\" data-tolerance=\"2\"></div></div>\r\n</div><p>The AI will help custody sergeants decide whether suspects should be sent into the criminal justice system.</p><p>It has been called the Harm Assessment Risk Tool (HART) and will be launched within the next three months, Durham police told Sky News.</p><p>It will classify the suspects as either low, medium, or high risk of reoffending, contributing to whether they are released or remanded in custody.</p><p>A scientific randomised trial of the forecasts found that only 2% of low-risk suspects turned out to be at high-risk of reoffending.</p><p>However, it also found that 12% of those forecast as high risk turned out to be low risk.</p><p>HART was developed by Dr Geoffrey Barnes in a partnership between Durham Constabulary and the University of Cambridge\'s Centre for Evidence-Based Policing.</p><div class=\"ad ad--mpu-mobile\"><div class=\"sdc-site-au \" data-ad-format=\"mpu\" data-type=\"\"><div class=\"sdc-site-au__mpu\" data-role=\"ad-container\" data-config=\"{&quot;id&quot;:&quot;mpu-inline-mobile&quot;,&quot;tag&quot;:&quot;20346936\\/skynews\\/tech\\/content&quot;,&quot;size&quot;:{&quot;mobile&quot;:[[300,250]],&quot;tablet&quot;:[[300,250]],&quot;desktop&quot;:[[300,250]]},&quot;targeting&quot;:{&quot;platform&quot;:&quot;live&quot;,&quot;artId&quot;:10871239}}\" data-targeting-strnativekey=\"\" data-targeting-platform=\"\" data-tag=\"\" data-component-name=\"sdc-site-mpu\" aria-label=\"Advertisement\" id=\"mpu-inline-mobile\" data-tolerance=\"2\"></div></div>\r\n</div><p>Professor Lawrence Sherman, the director of the centre, told Sky News that, with budgets for the Crown Prosecution Service and magistrates\' courts being \"slashed\", it was an important economic requirement for police to identify when to keep suspects out of the criminal justice system.</p><p>\"What the algorithm does is allow the police to make evidence-based decisions,\" said Professor Sherman.</p><p>Asked if he was concerned about the 12% of low-risk suspects that were wrongly identified as high risk, and thus more harshly treated than they might have been, Professor Sherman said: \"Not at all.</p><p>\"This is totally transparent science.</p><p>\"The hypothesis that we want to test will clearly have a result in showing whether the algorithm made the decisions better or worse.\"</p><p>Professor Sherman said he was concerned about whether incorrect decisions resulted in damaged lives, but stressed: \"We don\'t know if the current system could be damaging lives.\"</p>\r\n            </div>\r\n        \r\n        </div>\r\n\r\n            <div class=\"sdc-article-tags sdc-article-widget\">\r\n              <div class=\"sdc-article-tags__inner\">\r\n                <h3 class=\"sdc-article-tags__title\">Posted in:</h3>\r\n                <ul class=\"sdc-article-tags__list\">\r\n                    <li class=\"sdc-article-tags__item\"><a class=\"sdc-article-tags__link\" href=\"/story tag/sn-technology-776\">SN Technology</a></li>\r\n                </ul>\r\n              </div>\r\n            </div>\r\n\r\n            <div class=\"sdc-site-outbrain sdc-site-outbrain--AR_3\">\r\n                <div class=\"OUTBRAIN\" data-src=\"http://news.sky.com/story/durham-police-using-artificial-intelligence-ai-to-make-custody-decisions-10871239\" data-widget-id=\"AR_3\" data-ob-template=\"skynews\"></div>\r\n                <script src=\"//widgets.outbrain.com/outbrain.js\" async=\"true\"></script>\r\n            </div>\r\n', 5, 'Images/stream5.jpg', 1),
(9, 'Snapchat shares tumble as results miss Wall Street targets', 3, '2017-05-14 22:02:39', ' <div class=\"sdc-article-widget sdc-article-image\">\r\n          <figure class=\"sdc-article-image__figure\" itemprop=\"associatedMedia image\" itemscope=\"\" itemtype=\"http://schema.org/ImageObject\">\r\n            <div class=\"sdc-article-image__wrapper\" data-aspect-ratio=\"16/9\">\r\n                <img class=\"sdc-article-image__item   \" itemprop=\"contentUrl\" src=\"http://e3.365dm.com/16/11/1096x616/f28151773622e78431697dbcedc389865b16976e2450e97ea8d5d3dc8534efea_3833117.jpg?20170510221225\" srcset=\"   http://e3.365dm.com/16/11/320x180/f28151773622e78431697dbcedc389865b16976e2450e97ea8d5d3dc8534efea_3833117.jpg?20170510221225 320w,    http://e3.365dm.com/16/11/640x380/f28151773622e78431697dbcedc389865b16976e2450e97ea8d5d3dc8534efea_3833117.jpg?20170510221225 640w,    http://e3.365dm.com/16/11/736x414/f28151773622e78431697dbcedc389865b16976e2450e97ea8d5d3dc8534efea_3833117.jpg?20170510221225 736w,    http://e3.365dm.com/16/11/1096x616/f28151773622e78431697dbcedc389865b16976e2450e97ea8d5d3dc8534efea_3833117.jpg?20170510221225 1096w,    http://e3.365dm.com/16/11/1600x900/f28151773622e78431697dbcedc389865b16976e2450e97ea8d5d3dc8534efea_3833117.jpg?20170510221225 1600w,    http://e3.365dm.com/16/11/1920x1080/f28151773622e78431697dbcedc389865b16976e2450e97ea8d5d3dc8534efea_3833117.jpg?20170510221225 1920w,    http://e3.365dm.com/16/11/2048x1152/f28151773622e78431697dbcedc389865b16976e2450e97ea8d5d3dc8534efea_3833117.jpg?20170510221225 2048w\" alt=\"Snapchat logo\" title=\"Snapchat logo\" style=\"width: 100%;height: auto;\">\r\n            </div>\r\n              <figcaption class=\"sdc-article-image__caption\" itemprop=\"caption description\">\r\n                <span class=\"sdc-article-image__visually-hidden\">Image:</span>\r\n                <span class=\"sdc-article-image__caption-text\">Snapchat floated on Wall Street earlier this year</span>\r\n              </figcaption>\r\n          </figure>\r\n        </div>\r\n\r\n        \r\n        \r\n        \r\n        \r\n\r\n\r\n        <div class=\"sdc-news-story-article\">\r\n        \r\n                    <p class=\"sdc-news-story-article__byline\">By John-Paul Ford Rojas, Business Reporter</p>\r\n        \r\n                <p class=\"sdc-news-story-article__intro\">Shares in the owner of Snapchat have fallen by a quarter after its first set of results since floating on the stock market missed Wall Street expectations.</p>\r\n        \r\n            <div class=\"sdc-news-story-article__body\">\r\n                <div class=\"ad ad--mpu-tablet\"><div class=\"sdc-site-au \" data-ad-format=\"mpu\" data-type=\"\"><div class=\"sdc-site-au__mpu\" data-role=\"ad-container\" data-config=\"{&quot;id&quot;:&quot;mpu-inline&quot;,&quot;tag&quot;:&quot;20346936\\/skynews\\/business\\/content&quot;,&quot;size&quot;:{&quot;mobile&quot;:[[300,250]],&quot;tablet&quot;:[[300,250]],&quot;desktop&quot;:[[300,250]]},&quot;targeting&quot;:{&quot;platform&quot;:&quot;live&quot;,&quot;artId&quot;:10871897}}\" data-targeting-strnativekey=\"\" data-targeting-platform=\"\" data-tag=\"\" data-component-name=\"sdc-site-mpu\" aria-label=\"Advertisement\" id=\"mpu-inline\" data-tolerance=\"2\"></div></div>\r\n</div><p>Snap reported a loss of $2.21bn for the first quarter, mainly due to stock-based compensation linked to the $24bn float in March.</p><p>But it was lower than expected revenues and slowing growth in user numbers that gave investors the jitters.</p><p>The shares were down by 25% in after-hours trading in the company - which is facing stiff competition from larger rival Facebook.</p><p>Snap said its number of daily active users had risen to 166 million, up 5% from 158 million in the fourth quarter of 2016, but lower than some analysts had expected.</p><div class=\"sdc-article-widget sdc-article-image\">\r\n  <figure class=\"sdc-article-image__figure\" itemprop=\"associatedMedia image\" itemscope=\"\" itemtype=\"http://schema.org/ImageObject\">\r\n    <div class=\"sdc-article-image__wrapper\" data-aspect-ratio=\"4/3\">\r\n        <img class=\"sdc-article-image__item   \" itemprop=\"contentUrl\" src=\"http://e3.365dm.com/17/03/750x563/38c27bc8b2c29b3767a021b109aaef1e8d20653c8576e16479f9b01225427546_3905166.jpg?20170307221334\" srcset=\"   http://e3.365dm.com/17/03/206x155/38c27bc8b2c29b3767a021b109aaef1e8d20653c8576e16479f9b01225427546_3905166.jpg?20170307221334 206w,    http://e3.365dm.com/17/03/288x216/38c27bc8b2c29b3767a021b109aaef1e8d20653c8576e16479f9b01225427546_3905166.jpg?20170307221334 288w,    http://e3.365dm.com/17/03/589x442/38c27bc8b2c29b3767a021b109aaef1e8d20653c8576e16479f9b01225427546_3905166.jpg?20170307221334 589w,    http://e3.365dm.com/17/03/750x563/38c27bc8b2c29b3767a021b109aaef1e8d20653c8576e16479f9b01225427546_3905166.jpg?20170307221334 750w\" alt=\"Signage for Snap Inc., parent company of Snapchat, is displayed on monitors on the floor New York Stock Exchange (NYSE) before the opening bell, March 2, 2017 in New York City. Snap Inc. priced its initial public offering at $17 a share on Wednesday and Snap shares will start trading on the New York Stock Exchange on Thursday\" title=\"Signage for Snap Inc., parent company of Snapchat, is displayed on monitors on the floor New York Stock Exchange (NYSE) before the opening bell, March 2, 2017 in New York City. Snap Inc. priced its initial public offering at $17 a share on Wednesday and Snap shares will start trading on the New York Stock Exchange on Thursday\" style=\"width: 100%;height: auto;\">\r\n    </div>\r\n      <figcaption class=\"sdc-article-image__caption\" itemprop=\"caption description\">\r\n        <span class=\"sdc-article-image__visually-hidden\">Image:</span>\r\n        <span class=\"sdc-article-image__caption-text\">Snap logos on display at the New York Stock Exchange ahead of its market debut in March</span>\r\n      </figcaption>\r\n  </figure>\r\n</div>\r\n<p>Year-on-year growth in users was 36%, slowing from 48% in the fourth quarter and 63% in the third quarter.</p><div class=\"ad ad--mpu-mobile\"><div class=\"sdc-site-au \" data-ad-format=\"mpu\" data-type=\"\"><div class=\"sdc-site-au__mpu\" data-role=\"ad-container\" data-config=\"{&quot;id&quot;:&quot;mpu-inline-mobile&quot;,&quot;tag&quot;:&quot;20346936\\/skynews\\/business\\/content&quot;,&quot;size&quot;:{&quot;mobile&quot;:[[300,250]],&quot;tablet&quot;:[[300,250]],&quot;desktop&quot;:[[300,250]]},&quot;targeting&quot;:{&quot;platform&quot;:&quot;live&quot;,&quot;artId&quot;:10871897}}\" data-targeting-strnativekey=\"\" data-targeting-platform=\"\" data-tag=\"\" data-component-name=\"sdc-site-mpu\" aria-label=\"Advertisement\" id=\"mpu-inline-mobile\" data-tolerance=\"2\"></div></div>\r\n</div><p>Revenues were up nearly four-fold compared to the same period last year at $149.6m but lower than the $158m expected on average by analysts.</p><p>Measured per user, revenues were three times higher than in the same quarter last year but 14% lower compared to the previous three months.</p><p>The disappearing messaging app, popular with teenagers, attracted <strong><a href=\"http://news.sky.com/story/snapchat-owners-stock-leaps-41-on-us-stock-market-debut-10787439\" target=\"_blank\">huge interest when it went public</a></strong> in New York earlier this year - sending its shares 44% higher in its first day of trading.</p><p>But Facebook - which once offered $3bn to buy the business - has upped the ante by offering features similar to Snapchat on its platforms including Instagram and WhatsApp.</p>\r\n            </div>\r\n        \r\n        </div>\r\n\r\n\r\n            <div class=\"sdc-site-outbrain sdc-site-outbrain--AR_3\">\r\n                <div class=\"OUTBRAIN\" data-src=\"http://news.sky.com/story/snap-shares-tumble-as-results-miss-wall-street-targets-10871897\" data-widget-id=\"AR_3\" data-ob-template=\"skynews\"></div>\r\n                <script src=\"//widgets.outbrain.com/outbrain.js\" async=\"true\"></script>\r\n            </div>', 6, 'Images/stream6.jpg', 1);
INSERT INTO `tblnews` (`NewsID`, `NewsTitle`, `NewsAuthor`, `NewsDate`, `NewsContent`, `NewsClass`, `NewsImage`, `NewsActive`) VALUES
(10, 'Ransomware explained: Hacking for cash threats on the rise', 4, '2017-05-14 22:02:39', '<div class=\"sdc-article-widget sdc-article-image\">\r\n          <figure class=\"sdc-article-image__figure\" itemprop=\"associatedMedia image\" itemscope=\"\" itemtype=\"http://schema.org/ImageObject\">\r\n            <div class=\"sdc-article-image__wrapper\" data-aspect-ratio=\"16/9\">\r\n                <img class=\"sdc-article-image__item   \" itemprop=\"contentUrl\" src=\"http://e3.365dm.com/17/02/1096x616/5be3139202a5c2c083020780d7f8c7a6ab1c189d2ba6ae905e8eb27ff25a2598_3887199.jpg?20170208150710\" srcset=\"   http://e3.365dm.com/17/02/320x180/5be3139202a5c2c083020780d7f8c7a6ab1c189d2ba6ae905e8eb27ff25a2598_3887199.jpg?20170208150710 320w,    http://e3.365dm.com/17/02/640x380/5be3139202a5c2c083020780d7f8c7a6ab1c189d2ba6ae905e8eb27ff25a2598_3887199.jpg?20170208150710 640w,    http://e3.365dm.com/17/02/736x414/5be3139202a5c2c083020780d7f8c7a6ab1c189d2ba6ae905e8eb27ff25a2598_3887199.jpg?20170208150710 736w,    http://e3.365dm.com/17/02/1096x616/5be3139202a5c2c083020780d7f8c7a6ab1c189d2ba6ae905e8eb27ff25a2598_3887199.jpg?20170208150710 1096w,    http://e3.365dm.com/17/02/1600x900/5be3139202a5c2c083020780d7f8c7a6ab1c189d2ba6ae905e8eb27ff25a2598_3887199.jpg?20170208150710 1600w,    http://e3.365dm.com/17/02/1920x1080/5be3139202a5c2c083020780d7f8c7a6ab1c189d2ba6ae905e8eb27ff25a2598_3887199.jpg?20170208150710 1920w,    http://e3.365dm.com/17/02/2048x1152/5be3139202a5c2c083020780d7f8c7a6ab1c189d2ba6ae905e8eb27ff25a2598_3887199.jpg?20170208150710 2048w\" alt=\"A picture taken on October 17, 2016 shows an employee walking behind a glass wall with machine coding symbols at the headquarters of Internet security giant Kaspersky in Moscow\" style=\"width: 100%;height: auto;\" title=\"A picture taken on October 17, 2016 shows an employee walking behind a glass wall with machine coding symbols at the headquarters of Internet security giant Kaspersky in Moscow\">\r\n            </div>\r\n              <figcaption class=\"sdc-article-image__caption\" itemprop=\"caption description\">\r\n                <span class=\"sdc-article-image__visually-hidden\">Image:</span>\r\n                <span class=\"sdc-article-image__caption-text\">Ransomware often infects a computer through an email attachment, link or fake software update</span>\r\n              </figcaption>\r\n          </figure>\r\n        </div>\r\n\r\n        \r\n        \r\n        \r\n        \r\n\r\n\r\n        <div class=\"sdc-news-story-article\">\r\n        \r\n                    <p class=\"sdc-news-story-article__byline\">By Daniel Cairns, News Reporter</p>\r\n        \r\n                <p class=\"sdc-news-story-article__intro\">The NHS has been hit by a large ransomware cyberattack - but how do they work and how fast is the problem growing?</p>\r\n        \r\n            <div class=\"sdc-news-story-article__body\">\r\n                <div class=\"ad ad--mpu-tablet\"><div class=\"sdc-site-au \" data-ad-format=\"mpu\" data-type=\"\"><div class=\"sdc-site-au__mpu\" data-role=\"ad-container\" data-config=\"{&quot;id&quot;:&quot;mpu-inline&quot;,&quot;tag&quot;:&quot;20346936\\/skynews\\/tech\\/content&quot;,&quot;size&quot;:{&quot;mobile&quot;:[[300,250]],&quot;tablet&quot;:[[300,250]],&quot;desktop&quot;:[[300,250]]},&quot;targeting&quot;:{&quot;platform&quot;:&quot;live&quot;,&quot;artId&quot;:10874404}}\" data-targeting-strnativekey=\"\" data-targeting-platform=\"\" data-tag=\"\" data-component-name=\"sdc-site-mpu\" aria-label=\"Advertisement\" id=\"mpu-inline\" data-tolerance=\"2\"></div></div>\r\n</div><p>Quite simply, ransomware locks or encrypts files or documents and demands payment to regain access.</p><p>The user is usually met with a basic screen that explains what is going on and instructions on how much and where to pay.</p><p>A countdown timer can threaten to delete - or expose the files publicly - if the ransom is not paid by a certain time.</p><p>Or - if the deadline is missed - the ransom sometimes increases.</p><p>However, even if payment is made there is no guarantee the files will be restored and some traces of the hostile programme could remain.</p><div class=\"sdc-article-widget sdc-article-image\">\r\n  <figure class=\"sdc-article-image__figure\" itemprop=\"associatedMedia image\" itemscope=\"\" itemtype=\"http://schema.org/ImageObject\">\r\n    <div class=\"sdc-article-image__wrapper\" data-aspect-ratio=\"4/3\">\r\n        <img class=\"sdc-article-image__item   \" itemprop=\"contentUrl\" src=\"http://e3.365dm.com/17/05/750x563/5bc0f1ff8c05adf644a5bead2bc8dbb911d585ebe6af12d65e6111490d6d17bd_3951787.jpg?20170512162023\" srcset=\"   http://e3.365dm.com/17/05/206x155/5bc0f1ff8c05adf644a5bead2bc8dbb911d585ebe6af12d65e6111490d6d17bd_3951787.jpg?20170512162023 206w,    http://e3.365dm.com/17/05/288x216/5bc0f1ff8c05adf644a5bead2bc8dbb911d585ebe6af12d65e6111490d6d17bd_3951787.jpg?20170512162023 288w,    http://e3.365dm.com/17/05/589x442/5bc0f1ff8c05adf644a5bead2bc8dbb911d585ebe6af12d65e6111490d6d17bd_3951787.jpg?20170512162023 589w,    http://e3.365dm.com/17/05/750x563/5bc0f1ff8c05adf644a5bead2bc8dbb911d585ebe6af12d65e6111490d6d17bd_3951787.jpg?20170512162023 750w\" alt=\"Hackers have attacked NHS computers\" title=\"Hackers have attacked NHS computers\" style=\"width: 100%;height: auto;\">\r\n    </div>\r\n      <figcaption class=\"sdc-article-image__caption\" itemprop=\"caption description\">\r\n        <span class=\"sdc-article-image__visually-hidden\">Image:</span>\r\n        <span class=\"sdc-article-image__caption-text\">The NHS attack is typical and demands $300 in Bitcoin</span>\r\n      </figcaption>\r\n  </figure>\r\n</div>\r\n<p>The criminals usually demand payment in Bitcoin because the virtual currency is harder to trace.</p><p>Ransomware normally installs itself on a computer or phone via a Trojan programme disguised as something innocent, such as an email attachment/link, a popular app, or a fake software update.</p><p>NHS Digital said it was affected by WannaCry, also known as Wanna Decryptor, which experts describe as the \"atom bomb of ransomware\".</p><p>The flaw exploited by the programme was identified by the US National Security Agency, according to cybersecurity researcher Chris Doman.</p><p>He told Sky News that a hacking group called Shadow Brokers - believed to be Russian - then released documents to publicise the flaw.</p><p>\"It\'s called Eternal Blue - that\'s the codename - it was leaked about a month ago,\" said Mr Doman.</p><p>Cybersecurity experts agree the threat from Ransomware is growing at an alarming rate.</p><p>McAfee Labs said ransomware cases grew 80% in 2016.</p><div class=\"ad ad--mpu-mobile\"><div class=\"sdc-site-au \" data-ad-format=\"mpu\" data-type=\"\"><div class=\"sdc-site-au__mpu\" data-role=\"ad-container\" data-config=\"{&quot;id&quot;:&quot;mpu-inline-mobile&quot;,&quot;tag&quot;:&quot;20346936\\/skynews\\/tech\\/content&quot;,&quot;size&quot;:{&quot;mobile&quot;:[[300,250]],&quot;tablet&quot;:[[300,250]],&quot;desktop&quot;:[[300,250]]},&quot;targeting&quot;:{&quot;platform&quot;:&quot;live&quot;,&quot;artId&quot;:10874404}}\" data-targeting-strnativekey=\"\" data-targeting-platform=\"\" data-tag=\"\" data-component-name=\"sdc-site-mpu\" aria-label=\"Advertisement\" id=\"mpu-inline-mobile\" data-tolerance=\"2\"></div></div>\r\n</div><p>Fellow anti-virus firm Malwarebytes reported that 40% of the 540 businesses it surveyed last year had been affected, with some criminals demanding more than $50,000.</p><p>Ransomware was also in almost 40% of spam email in 2016, according to an IBM Security study.</p> <div class=\"sdc-article-widget sdc-article-image\">\r\n  <figure class=\"sdc-article-image__figure\" itemprop=\"associatedMedia image\" itemscope=\"\" itemtype=\"http://schema.org/ImageObject\">\r\n    <div class=\"sdc-article-image__wrapper\" data-aspect-ratio=\"4/3\">\r\n        <img class=\"sdc-article-image__item   \" itemprop=\"contentUrl\" src=\"http://e3.365dm.com/17/05/750x563/37d35f0951b4389d2a01ba526979126414242fbc0e963e25689f9c57632d45e2_3951895.jpg?20170512184931\" srcset=\"   http://e3.365dm.com/17/05/206x155/37d35f0951b4389d2a01ba526979126414242fbc0e963e25689f9c57632d45e2_3951895.jpg?20170512184931 206w,    http://e3.365dm.com/17/05/288x216/37d35f0951b4389d2a01ba526979126414242fbc0e963e25689f9c57632d45e2_3951895.jpg?20170512184931 288w,    http://e3.365dm.com/17/05/589x442/37d35f0951b4389d2a01ba526979126414242fbc0e963e25689f9c57632d45e2_3951895.jpg?20170512184931 589w,    http://e3.365dm.com/17/05/750x563/37d35f0951b4389d2a01ba526979126414242fbc0e963e25689f9c57632d45e2_3951895.jpg?20170512184931 750w\" alt=\"Hackers attacked San Francisco&amp;#39;s light rail system with ransomware in November 2016 \" style=\"width: 100%;height: auto;\" title=\"Hackers attacked San Francisco&amp;#39;s light rail system with ransomware in November 2016 \">\r\n    </div>\r\n      <figcaption class=\"sdc-article-image__caption\" itemprop=\"caption description\">\r\n        <span class=\"sdc-article-image__visually-hidden\">Image:</span>\r\n        <span class=\"sdc-article-image__caption-text\">Hackers attacked San Francisco\'s light rail system with ransomware in November 2016 </span>\r\n      </figcaption>\r\n  </figure>\r\n</div>\r\n<p>San Francisco\'s light rail system was one recent high-profile victim.</p><p>It was held ransom in November 2016, with ticket machines taken down and the city forced to open the gates and let passengers travel for free.</p><p>The attacker reportedly demanded $70,000 to get things back up and running - but the company said it refused to pay and sorted the problem itself.</p><p>As well as being careful what you open and being sure of the source, keeping a physically separate back-up of data, such as on an external hard drive, is one way to mitigate the effects of a ransomware attack.</p><p>Good anti-virus software is also recommended.</p><p>Pete Turner, from security company Avast, told Sky News his firm had seen a 100% year-on-year increase.</p> <div class=\"sdc-article-widget sdc-article-image\">\r\n  <figure class=\"sdc-article-image__figure\" itemprop=\"associatedMedia image\" itemscope=\"\" itemtype=\"http://schema.org/ImageObject\">\r\n    <div class=\"sdc-article-image__wrapper\" data-aspect-ratio=\"4/3\">\r\n        <img class=\"sdc-article-image__item   \" itemprop=\"contentUrl\" src=\"http://e3.365dm.com/17/03/750x563/a25172b0007e734af1d783945400f3a8710c78b75ec3351110b4a9c824d49aab_3919039.jpg?20170329033821\" srcset=\"   http://e3.365dm.com/17/03/206x155/a25172b0007e734af1d783945400f3a8710c78b75ec3351110b4a9c824d49aab_3919039.jpg?20170329033821 206w,    http://e3.365dm.com/17/03/288x216/a25172b0007e734af1d783945400f3a8710c78b75ec3351110b4a9c824d49aab_3919039.jpg?20170329033821 288w,    http://e3.365dm.com/17/03/589x442/a25172b0007e734af1d783945400f3a8710c78b75ec3351110b4a9c824d49aab_3919039.jpg?20170329033821 589w,    http://e3.365dm.com/17/03/750x563/a25172b0007e734af1d783945400f3a8710c78b75ec3351110b4a9c824d49aab_3919039.jpg?20170329033821 750w\" alt=\"The Samsung Galaxy S7 was unveiled in February 2016\" style=\"width: 100%;height: auto;\" title=\"The Samsung Galaxy S7 was unveiled in February 2016\">\r\n    </div>\r\n      <figcaption class=\"sdc-article-image__caption\" itemprop=\"caption description\">\r\n        <span class=\"sdc-article-image__visually-hidden\">Image:</span>\r\n        <span class=\"sdc-article-image__caption-text\">Ransomware can also get onto a phone if a user downloads an unverified app</span>\r\n      </figcaption>\r\n  </figure>\r\n</div>\r\n<p>\"These things are often caused by the weakest thing in the security chain - us,\" he said.</p><p>\"It\'s easy to fall into a trap, to click on a link in an email, go to a website we shouldn\'t, to download a bit of software attached to an email. And all of a sudden, our computer is locked completely.</p><p>\"It\'s not just businesses, it\'s us individuals as well.\"</p><p>Its report in March said: \"Ransomware on connected watches, fitness trackers and TVs will present a challenge to manufacturers, and it is not yet known whether customer support will extend to assisting with unlocking devices and providing advice on whether to pay a ransom.\"</p>\r\n            </div>\r\n        \r\n        </div>\r\n\r\n\r\n            <div class=\"sdc-site-outbrain sdc-site-outbrain--AR_3\">\r\n                <div class=\"OUTBRAIN\" data-src=\"http://news.sky.com/story/hacking-for-cash-ransomware-threats-on-the-rise-10874404\" data-widget-id=\"AR_3\" data-ob-template=\"skynews\"></div>\r\n                <script src=\"//widgets.outbrain.com/outbrain.js\" async=\"true\"></script>\r\n            </div>', 4, 'Images/stream7.jpg', 1);

-- --------------------------------------------------------

--
-- Table structure for table `tblnewsclass`
--

CREATE TABLE `tblnewsclass` (
  `ClassID` int(11) NOT NULL,
  `ClassName` text NOT NULL
) ENGINE=InnoDB DEFAULT CHARSET=latin1;

--
-- Dumping data for table `tblnewsclass`
--

INSERT INTO `tblnewsclass` (`ClassID`, `ClassName`) VALUES
(1, 'Mobile'),
(2, 'Movie'),
(3, 'Science'),
(4, 'Social Media'),
(5, 'Game'),
(6, 'Software'),
(7, 'Auto'),
(8, 'Business'),
(9, 'HeadNews1'),
(10, 'HeadNews2'),
(11, 'HeadNews3');

-- --------------------------------------------------------

--
-- Table structure for table `tblnewstag`
--

CREATE TABLE `tblnewstag` (
  `NewsTagID` int(11) NOT NULL,
  `TagID` int(11) NOT NULL,
  `NewsID` int(11) NOT NULL
) ENGINE=InnoDB DEFAULT CHARSET=latin1;

--
-- Dumping data for table `tblnewstag`
--

INSERT INTO `tblnewstag` (`NewsTagID`, `TagID`, `NewsID`) VALUES
(1, 2, 1),
(2, 4, 1),
(3, 5, 1),
(4, 4, 1);

-- --------------------------------------------------------

--
-- Table structure for table `tblsources`
--

CREATE TABLE `tblsources` (
  `SourceID` int(11) NOT NULL,
  `SourceName` text NOT NULL,
  `SourceLink` text NOT NULL,
  `SourceComment` text NOT NULL,
  `NewsID` int(11) NOT NULL
) ENGINE=InnoDB DEFAULT CHARSET=latin1;

--
-- Dumping data for table `tblsources`
--

INSERT INTO `tblsources` (`SourceID`, `SourceName`, `SourceLink`, `SourceComment`, `NewsID`) VALUES
(1, 'WEbsite', 'https://www.theverge.com/2017/4/19/15354444/samsung-galaxy-s8-big-screen-ergonomics', '', 1);

-- --------------------------------------------------------

--
-- Table structure for table `tbltags`
--

CREATE TABLE `tbltags` (
  `TagID` int(11) NOT NULL,
  `TagName` text NOT NULL
) ENGINE=InnoDB DEFAULT CHARSET=latin1;

--
-- Dumping data for table `tbltags`
--

INSERT INTO `tbltags` (`TagID`, `TagName`) VALUES
(1, 'phone'),
(2, 'apple'),
(3, 'samsung'),
(4, 'note7'),
(5, 'frameless '),
(6, 'fingerprint'),
(7, 'irisscanner'),
(8, 'camera'),
(9, 'drone'),
(10, 'smart');

--
-- Indexes for dumped tables
--

--
-- Indexes for table `tblauthor`
--
ALTER TABLE `tblauthor`
  ADD PRIMARY KEY (`AuthorID`);

--
-- Indexes for table `tblcomments`
--
ALTER TABLE `tblcomments`
  ADD PRIMARY KEY (`CommentID`),
  ADD KEY `NewsID` (`NewsID`);

--
-- Indexes for table `tblnews`
--
ALTER TABLE `tblnews`
  ADD PRIMARY KEY (`NewsID`),
  ADD KEY `NewsClass` (`NewsClass`),
  ADD KEY `NewsAuthor` (`NewsAuthor`);

--
-- Indexes for table `tblnewsclass`
--
ALTER TABLE `tblnewsclass`
  ADD PRIMARY KEY (`ClassID`);

--
-- Indexes for table `tblnewstag`
--
ALTER TABLE `tblnewstag`
  ADD PRIMARY KEY (`NewsTagID`),
  ADD KEY `TagID` (`TagID`),
  ADD KEY `NewsID` (`NewsID`);

--
-- Indexes for table `tblsources`
--
ALTER TABLE `tblsources`
  ADD PRIMARY KEY (`SourceID`),
  ADD KEY `NewsID` (`NewsID`);

--
-- Indexes for table `tbltags`
--
ALTER TABLE `tbltags`
  ADD PRIMARY KEY (`TagID`);

--
-- AUTO_INCREMENT for dumped tables
--

--
-- AUTO_INCREMENT for table `tblcomments`
--
ALTER TABLE `tblcomments`
  MODIFY `CommentID` int(11) NOT NULL AUTO_INCREMENT, AUTO_INCREMENT=16;
--
-- Constraints for dumped tables
--

--
-- Constraints for table `tblcomments`
--
ALTER TABLE `tblcomments`
  ADD CONSTRAINT `tblcomments_ibfk_1` FOREIGN KEY (`NewsID`) REFERENCES `tblnews` (`NewsID`);

--
-- Constraints for table `tblnews`
--
ALTER TABLE `tblnews`
  ADD CONSTRAINT `tblnews_ibfk_1` FOREIGN KEY (`NewsClass`) REFERENCES `tblnewsclass` (`ClassID`),
  ADD CONSTRAINT `tblnews_ibfk_2` FOREIGN KEY (`NewsAuthor`) REFERENCES `tblauthor` (`AuthorID`);

--
-- Constraints for table `tblnewstag`
--
ALTER TABLE `tblnewstag`
  ADD CONSTRAINT `tblnewstag_ibfk_1` FOREIGN KEY (`TagID`) REFERENCES `tbltags` (`TagID`),
  ADD CONSTRAINT `tblnewstag_ibfk_2` FOREIGN KEY (`NewsID`) REFERENCES `tblnews` (`NewsID`);

--
-- Constraints for table `tblsources`
--
ALTER TABLE `tblsources`
  ADD CONSTRAINT `tblsources_ibfk_1` FOREIGN KEY (`NewsID`) REFERENCES `tblnews` (`NewsID`);

/*!40101 SET CHARACTER_SET_CLIENT=@OLD_CHARACTER_SET_CLIENT */;
/*!40101 SET CHARACTER_SET_RESULTS=@OLD_CHARACTER_SET_RESULTS */;
/*!40101 SET COLLATION_CONNECTION=@OLD_COLLATION_CONNECTION */;
